{
  "resultCode": "0",
  "TotalCase": "250,051",
  "TotalRecovered": "220,358",
  "TotalDeath": "2,284",
  "NowCase": "27,409",
  "city1n": "서울",
  "city2n": "기타",
  "city3n": "경기",
  "city4n": "대구",
  "city5n": "인천",
  "city1p": "31.55",
  "city2p": "30.04",
  "city3p": "28.25",
  "city4p": "5.44",
  "city5p": "4.7",
  "recoveredPercentage": 88.13,
  "deathPercentage": 0.91,
  "checkingCounter": "766,807",
  "checkingPercentage": "5.9",
  "caseCount": "250,051",
  "casePercentage": "1.9",
  "notcaseCount": "12,032,826",
  "notcasePercentage": "92.2",
  "TotalChecking": "13,049,684",
  "TodayRecovered": "1632",
  "TodayDeath": "5",
  "TotalCaseBefore": "-154",
  "source": "AUTO_BOT",
  "updateTime": "코로나바이러스감염증-19 국내 발생현황 (8.30. 00시 기준)",
  "resultMessage": "정상 처리되었습니다."
}