{
  "response": {
    "header": {
      "resultCode": "00",
      "resultMsg": "NORMAL SERVICE."
    },
    "body": {
      "items": {
        "item": [
          {
            "adtFrDd": "20200520",
            "hospTyTpCd": "B",
            "sgguNm": "진천군",
            "sidoNm": "충북",
            "spclAdmTyCd": "A0",
            "telno": "043-533-1711",
            "yadmNm": "의료법인 건명의료재단 진천성모병원"
          },
          {
            "adtFrDd": "20200511",
            "hospTyTpCd": "A",
            "sgguNm": "수원시 권선구",
            "sidoNm": "경기",
            "spclAdmTyCd": "A0",
            "telno": "031-278-0119",
            "yadmNm": "의료법인 명인의료재단 화홍병원"
          },
          {
            "adtFrDd": "20200514",
            "hospTyTpCd": "B",
            "sgguNm": "청주시 서원구",
            "sidoNm": "충북",
            "spclAdmTyCd": "A0",
            "telno": "043-279-2300",
            "yadmNm": "충청북도 청주의료원"
          },
          {
            "adtFrDd": "20200225",
            "hospTyTpCd": "B",
            "sgguNm": "춘천시",
            "sidoNm": "강원",
            "spclAdmTyCd": "A0",
            "telno": "033-258-2000",
            "yadmNm": "강원대학교병원"
          },
          {
            "adtFrDd": "20200302",
            "hospTyTpCd": "A",
            "sgguNm": "여수시",
            "sidoNm": "전남",
            "spclAdmTyCd": "A0",
            "telno": "061-690-6000",
            "yadmNm": "여천전남병원"
          },
          {
            "adtFrDd": "20200306",
            "hospTyTpCd": "B",
            "sgguNm": "서구",
            "sidoNm": "대전",
            "spclAdmTyCd": "A0",
            "telno": "042-600-9999",
            "yadmNm": "학교법인 건양교육재단 건양대학교병원"
          },
          {
            "adtFrDd": "20200302",
            "hospTyTpCd": "B",
            "sgguNm": "용인시 기흥구",
            "sidoNm": "경기",
            "spclAdmTyCd": "A0",
            "telno": "031-300-0114",
            "yadmNm": "강남병원"
          },
          {
            "adtFrDd": "20200226",
            "hospTyTpCd": "A",
            "sgguNm": "파주시",
            "sidoNm": "경기",
            "spclAdmTyCd": "A0",
            "telno": "031-9431-1912",
            "yadmNm": "메디인병원"
          },
          {
            "adtFrDd": "20200225",
            "hospTyTpCd": "B",
            "sgguNm": "구리시",
            "sidoNm": "경기",
            "spclAdmTyCd": "A0",
            "telno": "-1644-9118",
            "yadmNm": "한양대학교구리병원"
          },
          {
            "adtFrDd": "20200225",
            "hospTyTpCd": "B",
            "sgguNm": "고양시 덕양구",
            "sidoNm": "경기",
            "spclAdmTyCd": "A0",
            "telno": "031-810-5114",
            "yadmNm": "의료법인명지의료재단명지병원"
          },
          {
            "adtFrDd": "20200225",
            "hospTyTpCd": "A",
            "sgguNm": "용인시 처인구",
            "sidoNm": "경기",
            "spclAdmTyCd": "A0",
            "telno": "031-8021-2000",
            "yadmNm": "(의)영문의료재단 다보스병원"
          },
          {
            "adtFrDd": "20200225",
            "hospTyTpCd": "B",
            "sgguNm": "남양주시",
            "sidoNm": "경기",
            "spclAdmTyCd": "A0",
            "telno": "031-574-9118",
            "yadmNm": "현대병원"
          },
          {
            "adtFrDd": "20200225",
            "hospTyTpCd": "B",
            "sgguNm": "부천시",
            "sidoNm": "경기",
            "spclAdmTyCd": "A0",
            "telno": "-1599-6677",
            "yadmNm": "부천세종병원"
          },
          {
            "adtFrDd": "20200226",
            "hospTyTpCd": "A",
            "sgguNm": "화성시",
            "sidoNm": "경기",
            "spclAdmTyCd": "A0",
            "telno": "031-8077-7200",
            "yadmNm": "의료법인 원광의료재단 원광종합병원"
          },
          {
            "adtFrDd": "20200226",
            "hospTyTpCd": "A",
            "sgguNm": "안성시",
            "sidoNm": "경기",
            "spclAdmTyCd": "A0",
            "telno": "031-675-6007",
            "yadmNm": "안성성모병원"
          },
          {
            "adtFrDd": "20200226",
            "hospTyTpCd": "A",
            "sgguNm": "시흥시",
            "sidoNm": "경기",
            "spclAdmTyCd": "A0",
            "telno": "-1811-7000",
            "yadmNm": "의료법인 남촌의료재단 시화병원"
          },
          {
            "adtFrDd": "20200225",
            "hospTyTpCd": "B",
            "sgguNm": "김포시",
            "sidoNm": "경기",
            "spclAdmTyCd": "A0",
            "telno": "031-999-1000",
            "yadmNm": "의료법인우리의료재단김포우리병원"
          },
          {
            "adtFrDd": "20200225",
            "hospTyTpCd": "B",
            "sgguNm": "고양시 일산서구",
            "sidoNm": "경기",
            "spclAdmTyCd": "A0",
            "telno": "031-910-7114",
            "yadmNm": "인제대학교일산백병원"
          },
          {
            "adtFrDd": "20200225",
            "hospTyTpCd": "B",
            "sgguNm": "화성시",
            "sidoNm": "경기",
            "spclAdmTyCd": "A0",
            "telno": "-1600-5982",
            "yadmNm": "화성디에스병원"
          },
          {
            "adtFrDd": "20200309",
            "hospTyTpCd": "A",
            "sgguNm": "강동구",
            "sidoNm": "서울",
            "spclAdmTyCd": "A0",
            "telno": "02-2224-2114",
            "yadmNm": "성심의료재단강동성심병원"
          },
          {
            "adtFrDd": "20200309",
            "hospTyTpCd": "B",
            "sgguNm": "광진구",
            "sidoNm": "서울",
            "spclAdmTyCd": "A0",
            "telno": "-1588-1533",
            "yadmNm": "건국대학교병원"
          },
          {
            "adtFrDd": "20200309",
            "hospTyTpCd": "B",
            "sgguNm": "여주시",
            "sidoNm": "경기",
            "spclAdmTyCd": "A0",
            "telno": "031-880-7700",
            "yadmNm": "세종여주병원"
          },
          {
            "adtFrDd": "20200305",
            "hospTyTpCd": "A",
            "sgguNm": "남구",
            "sidoNm": "울산",
            "spclAdmTyCd": "A0",
            "telno": "052-220-7500",
            "yadmNm": "의료법인 은성의료재단 좋은삼정병원"
          },
          {
            "adtFrDd": "20200306",
            "hospTyTpCd": "A",
            "sgguNm": "광명시",
            "sidoNm": "경기",
            "spclAdmTyCd": "A0",
            "telno": "02-2680-7114",
            "yadmNm": "광명성애병원"
          },
          {
            "adtFrDd": "20200309",
            "hospTyTpCd": "A",
            "sgguNm": "군포시",
            "sidoNm": "경기",
            "spclAdmTyCd": "A0",
            "telno": "031-390-2300",
            "yadmNm": "원광대학교 산본병원"
          },
          {
            "adtFrDd": "20200309",
            "hospTyTpCd": "A",
            "sgguNm": "청주시 청원구",
            "sidoNm": "충북",
            "spclAdmTyCd": "A0",
            "telno": "043-219-8000",
            "yadmNm": "청주성모병원"
          },
          {
            "adtFrDd": "20200304",
            "hospTyTpCd": "A",
            "sgguNm": "광진구",
            "sidoNm": "서울",
            "spclAdmTyCd": "A0",
            "telno": "02-2049-9036",
            "yadmNm": "혜민병원"
          },
          {
            "adtFrDd": "20200304",
            "hospTyTpCd": "A",
            "sgguNm": "노원구",
            "sidoNm": "서울",
            "spclAdmTyCd": "A0",
            "telno": "02-970-2114",
            "yadmNm": "한국원자력의학원원자력병원"
          },
          {
            "adtFrDd": "20200304",
            "hospTyTpCd": "A",
            "sgguNm": "영등포구",
            "sidoNm": "서울",
            "spclAdmTyCd": "A0",
            "telno": "02-840-7114",
            "yadmNm": "성애의료재단 성애병원"
          },
          {
            "adtFrDd": "20200304",
            "hospTyTpCd": "A",
            "sgguNm": "서구",
            "sidoNm": "광주",
            "spclAdmTyCd": "A0",
            "telno": "062-600-8000",
            "yadmNm": "서광병원"
          },
          {
            "adtFrDd": "20200226",
            "hospTyTpCd": "B",
            "sgguNm": "부천시",
            "sidoNm": "경기",
            "spclAdmTyCd": "A0",
            "telno": "032-621-5114",
            "yadmNm": "순천향대학교부속부천병원"
          },
          {
            "adtFrDd": "20200226",
            "hospTyTpCd": "B",
            "sgguNm": "김포시",
            "sidoNm": "경기",
            "spclAdmTyCd": "A0",
            "telno": "031-998-8129",
            "yadmNm": "의료법인인봉의료재단뉴고려병원"
          },
          {
            "adtFrDd": "20200226",
            "hospTyTpCd": "B",
            "sgguNm": "화성시",
            "sidoNm": "경기",
            "spclAdmTyCd": "A0",
            "telno": "031-8086-3000",
            "yadmNm": "한림대학교동탄성심병원"
          },
          {
            "adtFrDd": "20200226",
            "hospTyTpCd": "B",
            "sgguNm": "고양시 일산동구",
            "sidoNm": "경기",
            "spclAdmTyCd": "A0",
            "telno": "031-1577-7000",
            "yadmNm": "동국대학교일산불교병원"
          },
          {
            "adtFrDd": "20200227",
            "hospTyTpCd": "B",
            "sgguNm": "평택시",
            "sidoNm": "경기",
            "spclAdmTyCd": "A0",
            "telno": "031-5182-7700",
            "yadmNm": "의료법인백송의료재단 굿모닝병원"
          },
          {
            "adtFrDd": "20200226",
            "hospTyTpCd": "B",
            "sgguNm": "부천시",
            "sidoNm": "경기",
            "spclAdmTyCd": "A0",
            "telno": "032-1577-0675",
            "yadmNm": "가톨릭대학교부천성모병원"
          },
          {
            "adtFrDd": "20200227",
            "hospTyTpCd": "B",
            "sgguNm": "수원시 영통구",
            "sidoNm": "경기",
            "spclAdmTyCd": "A0",
            "telno": "031-219-5114",
            "yadmNm": "아주대학교병원"
          },
          {
            "adtFrDd": "20200225",
            "hospTyTpCd": "A",
            "sgguNm": "창원시 진해구",
            "sidoNm": "경남",
            "spclAdmTyCd": "A0",
            "telno": "055-548-7700",
            "yadmNm": "연세에스병원"
          },
          {
            "adtFrDd": "20200226",
            "hospTyTpCd": "A",
            "sgguNm": "창원시 마산회원구",
            "sidoNm": "경남",
            "spclAdmTyCd": "A0",
            "telno": "055-230-1500",
            "yadmNm": "의료법인청아의료재단청아병원"
          },
          {
            "adtFrDd": "20200227",
            "hospTyTpCd": "B",
            "sgguNm": "양산시",
            "sidoNm": "경남",
            "spclAdmTyCd": "A0",
            "telno": "055-360-1000",
            "yadmNm": "양산부산대학교병원"
          },
          {
            "adtFrDd": "20200228",
            "hospTyTpCd": "A",
            "sgguNm": "진주시",
            "sidoNm": "경남",
            "spclAdmTyCd": "A0",
            "telno": "055-751-2500",
            "yadmNm": "진주고려병원"
          },
          {
            "adtFrDd": "20200226",
            "hospTyTpCd": "A",
            "sgguNm": "안동시",
            "sidoNm": "경북",
            "spclAdmTyCd": "A0",
            "telno": "054-850-8114",
            "yadmNm": "안동성소병원"
          },
          {
            "adtFrDd": "20200227",
            "hospTyTpCd": "A",
            "sgguNm": "경주시",
            "sidoNm": "경북",
            "spclAdmTyCd": "A0",
            "telno": "054-748-9300",
            "yadmNm": "동국대학교의과대학경주병원"
          },
          {
            "adtFrDd": "20200302",
            "hospTyTpCd": "B",
            "sgguNm": "중구",
            "sidoNm": "인천",
            "spclAdmTyCd": "A0",
            "telno": "032-890-2114",
            "yadmNm": "인하대학교의과대학부속병원"
          },
          {
            "adtFrDd": "20200309",
            "hospTyTpCd": "B",
            "sgguNm": "영등포구",
            "sidoNm": "서울",
            "spclAdmTyCd": "A0",
            "telno": "-1661-7575",
            "yadmNm": "가톨릭대학교 여의도성모병원"
          },
          {
            "adtFrDd": "20200310",
            "hospTyTpCd": "A",
            "sgguNm": "광산구",
            "sidoNm": "광주",
            "spclAdmTyCd": "A0",
            "telno": "062-975-9000",
            "yadmNm": "KS병원"
          },
          {
            "adtFrDd": "20200310",
            "hospTyTpCd": "A",
            "sgguNm": "여수시",
            "sidoNm": "전남",
            "spclAdmTyCd": "A0",
            "telno": "061-640-7128",
            "yadmNm": "여수전남병원"
          },
          {
            "adtFrDd": "20200514",
            "hospTyTpCd": "A",
            "sgguNm": "상주시",
            "sidoNm": "경북",
            "spclAdmTyCd": "A0",
            "telno": "054-534-3501",
            "yadmNm": "상주적십자병원"
          },
          {
            "adtFrDd": "20200803",
            "hospTyTpCd": "A",
            "sgguNm": "전주시 덕진구",
            "sidoNm": "전북",
            "spclAdmTyCd": "A0",
            "telno": "063-250-1114",
            "yadmNm": "전북대학교병원"
          },
          {
            "adtFrDd": "20200307",
            "hospTyTpCd": "A",
            "sgguNm": "광산구",
            "sidoNm": "광주",
            "spclAdmTyCd": "A0",
            "telno": "062-601-8000",
            "yadmNm": "첨단종합병원"
          },
          {
            "adtFrDd": "20200312",
            "hospTyTpCd": "B",
            "sgguNm": "강릉시",
            "sidoNm": "강원",
            "spclAdmTyCd": "A0",
            "telno": "033-610-3114",
            "yadmNm": "강릉아산병원"
          },
          {
            "adtFrDd": "20200306",
            "hospTyTpCd": "A",
            "sgguNm": "전주시 완산구",
            "sidoNm": "전북",
            "spclAdmTyCd": "A0",
            "telno": "063-220-7200",
            "yadmNm": "의료법인영경의료재단전주병원"
          },
          {
            "adtFrDd": "20200305",
            "hospTyTpCd": "B",
            "sgguNm": "구미시",
            "sidoNm": "경북",
            "spclAdmTyCd": "A0",
            "telno": "054-468-9114",
            "yadmNm": "순천향대학교 부속 구미병원"
          },
          {
            "adtFrDd": "20200306",
            "hospTyTpCd": "B",
            "sgguNm": "포항시 남구",
            "sidoNm": "경북",
            "spclAdmTyCd": "A0",
            "telno": "054-275-0005",
            "yadmNm": "의료법인한성재단포항세명기독병원"
          },
          {
            "adtFrDd": "20200311",
            "hospTyTpCd": "B",
            "sgguNm": "서구",
            "sidoNm": "인천",
            "spclAdmTyCd": "A0",
            "telno": "032-1600-8291",
            "yadmNm": "가톨릭관동대학교 국제성모병원"
          },
          {
            "adtFrDd": "20200316",
            "hospTyTpCd": "B",
            "sgguNm": "고흥군",
            "sidoNm": "전남",
            "spclAdmTyCd": "A0",
            "telno": "061-840-1200",
            "yadmNm": "의료법인장호의료재단 녹동현대병원"
          },
          {
            "adtFrDd": "20200713",
            "hospTyTpCd": "A",
            "sgguNm": "안양시 동안구",
            "sidoNm": "경기",
            "spclAdmTyCd": "A0",
            "telno": "031-380-1500",
            "yadmNm": "한림대학교성심병원"
          },
          {
            "adtFrDd": "20200317",
            "hospTyTpCd": "A",
            "sgguNm": "동구",
            "sidoNm": "인천",
            "spclAdmTyCd": "A0",
            "telno": "032-580-6000",
            "yadmNm": "인천광역시의료원"
          },
          {
            "adtFrDd": "20200316",
            "hospTyTpCd": "B",
            "sgguNm": "은평구",
            "sidoNm": "서울",
            "spclAdmTyCd": "A0",
            "telno": "02-1811-7755",
            "yadmNm": "가톨릭대학교 은평성모병원"
          },
          {
            "adtFrDd": "20200323",
            "hospTyTpCd": "B",
            "sgguNm": "용인시 기흥구",
            "sidoNm": "경기",
            "spclAdmTyCd": "A0",
            "telno": "-1899-1004",
            "yadmNm": "연세대학교 의과대학 용인세브란스병원"
          },
          {
            "adtFrDd": "20200423",
            "hospTyTpCd": "A",
            "sgguNm": "연수구",
            "sidoNm": "인천",
            "spclAdmTyCd": "A0",
            "telno": "032-899-9999",
            "yadmNm": "(의)나사렛의료재단 나사렛국제병원"
          },
          {
            "adtFrDd": "20200413",
            "hospTyTpCd": "A",
            "sgguNm": "천안시 동남구",
            "sidoNm": "충남",
            "spclAdmTyCd": "A0",
            "telno": "041-590-9000",
            "yadmNm": "천안우리병원"
          },
          {
            "adtFrDd": "20200416",
            "hospTyTpCd": "A",
            "sgguNm": "성남시 중원구",
            "sidoNm": "경기",
            "spclAdmTyCd": "A0",
            "telno": "031-743-3000",
            "yadmNm": "성남중앙병원"
          },
          {
            "adtFrDd": "20200417",
            "hospTyTpCd": "A",
            "sgguNm": "구리시",
            "sidoNm": "경기",
            "spclAdmTyCd": "A0",
            "telno": "031-550-1111",
            "yadmNm": "재단법인원진녹색병원"
          },
          {
            "adtFrDd": "20200313",
            "hospTyTpCd": "A",
            "sgguNm": "송파구",
            "sidoNm": "서울",
            "spclAdmTyCd": "A0",
            "telno": "02-3400-1114",
            "yadmNm": "경찰병원"
          },
          {
            "adtFrDd": "20200303",
            "hospTyTpCd": "A",
            "sgguNm": "서구",
            "sidoNm": "인천",
            "spclAdmTyCd": "A0",
            "telno": "032-567-6200",
            "yadmNm": "온누리병원"
          },
          {
            "adtFrDd": "20200303",
            "hospTyTpCd": "B",
            "sgguNm": "의정부시",
            "sidoNm": "경기",
            "spclAdmTyCd": "A0",
            "telno": "-1661-7500",
            "yadmNm": "가톨릭대학교의정부성모병원"
          },
          {
            "adtFrDd": "20200305",
            "hospTyTpCd": "A",
            "sgguNm": "의정부시",
            "sidoNm": "경기",
            "spclAdmTyCd": "A0",
            "telno": "031-856-8111",
            "yadmNm": "의료법인 영동의료재단 의정부백병원"
          },
          {
            "adtFrDd": "20200303",
            "hospTyTpCd": "A",
            "sgguNm": "여수시",
            "sidoNm": "전남",
            "spclAdmTyCd": "A0",
            "telno": "061-653-2000",
            "yadmNm": "여수한국병원"
          },
          {
            "adtFrDd": "20200303",
            "hospTyTpCd": "A",
            "sgguNm": "거제시",
            "sidoNm": "경남",
            "spclAdmTyCd": "A0",
            "telno": "055-731-1240",
            "yadmNm": "의료법인 성념의료재단맑은샘병원"
          },
          {
            "adtFrDd": "20200228",
            "hospTyTpCd": "B",
            "sgguNm": "강남구",
            "sidoNm": "서울",
            "spclAdmTyCd": "A0",
            "telno": "02-2019-3114",
            "yadmNm": "연세대학교의과대학 강남세브란스병원"
          },
          {
            "adtFrDd": "20200228",
            "hospTyTpCd": "B",
            "sgguNm": "강동구",
            "sidoNm": "서울",
            "spclAdmTyCd": "A0",
            "telno": "02-2225-1111",
            "yadmNm": "한국보훈복지의료공단 중앙보훈병원"
          },
          {
            "adtFrDd": "20200228",
            "hospTyTpCd": "B",
            "sgguNm": "동작구",
            "sidoNm": "서울",
            "spclAdmTyCd": "A0",
            "telno": "-1800-1114",
            "yadmNm": "중앙대학교병원"
          },
          {
            "adtFrDd": "20200302",
            "hospTyTpCd": "B",
            "sgguNm": "서대문구",
            "sidoNm": "서울",
            "spclAdmTyCd": "A0",
            "telno": "02-2228-0114",
            "yadmNm": "학교법인연세대학교의과대학세브란스병원"
          },
          {
            "adtFrDd": "20200228",
            "hospTyTpCd": "B",
            "sgguNm": "성북구",
            "sidoNm": "서울",
            "spclAdmTyCd": "A0",
            "telno": "-1577-0083",
            "yadmNm": "학교법인 고려중앙학원 고려대학교의과대학부속병원(안암병원)"
          },
          {
            "adtFrDd": "20200302",
            "hospTyTpCd": "B",
            "sgguNm": "양천구",
            "sidoNm": "서울",
            "spclAdmTyCd": "A0",
            "telno": "02-2650-5114",
            "yadmNm": "이화여자대학교의과대학부속목동병원"
          },
          {
            "adtFrDd": "20200228",
            "hospTyTpCd": "B",
            "sgguNm": "용산구",
            "sidoNm": "서울",
            "spclAdmTyCd": "A0",
            "telno": "02-709-9114",
            "yadmNm": "순천향대학교 부속 서울병원"
          },
          {
            "adtFrDd": "20200305",
            "hospTyTpCd": "B",
            "sgguNm": "금천구",
            "sidoNm": "서울",
            "spclAdmTyCd": "A0",
            "telno": "02-804-0002",
            "yadmNm": "희명병원"
          },
          {
            "adtFrDd": "20200302",
            "hospTyTpCd": "A",
            "sgguNm": "달서구",
            "sidoNm": "대구",
            "spclAdmTyCd": "A0",
            "telno": "053-560-9114",
            "yadmNm": "의료법인구의료재단 구병원"
          },
          {
            "adtFrDd": "20200228",
            "hospTyTpCd": "A",
            "sgguNm": "중구",
            "sidoNm": "대구",
            "spclAdmTyCd": "A0",
            "telno": "053-200-5114",
            "yadmNm": "경북대학교병원"
          },
          {
            "adtFrDd": "20200228",
            "hospTyTpCd": "A",
            "sgguNm": "시흥시",
            "sidoNm": "경기",
            "spclAdmTyCd": "A0",
            "telno": "031-310-6300",
            "yadmNm": "의료법인 녹향의료재단 신천연합병원"
          },
          {
            "adtFrDd": "20200228",
            "hospTyTpCd": "A",
            "sgguNm": "춘천시",
            "sidoNm": "강원",
            "spclAdmTyCd": "A0",
            "telno": "033-240-5000",
            "yadmNm": "한림대학교부속 춘천성심병원"
          },
          {
            "adtFrDd": "20200302",
            "hospTyTpCd": "A",
            "sgguNm": "김천시",
            "sidoNm": "경북",
            "spclAdmTyCd": "A0",
            "telno": "054-420-9300",
            "yadmNm": "의료법인덕산의료재단김천제일병원"
          },
          {
            "adtFrDd": "20200228",
            "hospTyTpCd": "A",
            "sgguNm": "문경시",
            "sidoNm": "경북",
            "spclAdmTyCd": "A0",
            "telno": "054-550-7700",
            "yadmNm": "의료법인동춘의료재단문경제일병원"
          },
          {
            "adtFrDd": "20200228",
            "hospTyTpCd": "A",
            "sgguNm": "안동시",
            "sidoNm": "경북",
            "spclAdmTyCd": "A0",
            "telno": "054-840-1004",
            "yadmNm": "의료법인안동병원"
          },
          {
            "adtFrDd": "20200228",
            "hospTyTpCd": "A",
            "sgguNm": "진주시",
            "sidoNm": "경남",
            "spclAdmTyCd": "A0",
            "telno": "055-750-7123",
            "yadmNm": "제일병원"
          },
          {
            "adtFrDd": "20200228",
            "hospTyTpCd": "A",
            "sgguNm": "제주시",
            "sidoNm": "제주",
            "spclAdmTyCd": "A0",
            "telno": "064-786-7000",
            "yadmNm": "의료법인 중앙의료재단 중앙병원"
          },
          {
            "adtFrDd": "20200228",
            "hospTyTpCd": "B",
            "sgguNm": "계양구",
            "sidoNm": "인천",
            "spclAdmTyCd": "A0",
            "telno": "032-540-9114",
            "yadmNm": "한림병원"
          },
          {
            "adtFrDd": "20200613",
            "hospTyTpCd": "A",
            "sgguNm": "화성시",
            "sidoNm": "경기",
            "spclAdmTyCd": "A0",
            "telno": "031-352-8114",
            "yadmNm": "의료법인 은혜와감사의료재단 화성중앙종합병원"
          },
          {
            "adtFrDd": "20200309",
            "hospTyTpCd": "A",
            "sgguNm": "동작구",
            "sidoNm": "서울",
            "spclAdmTyCd": "A0",
            "telno": "02-870-2114",
            "yadmNm": "서울특별시보라매병원"
          },
          {
            "adtFrDd": "20200316",
            "hospTyTpCd": "A",
            "sgguNm": "미추홀구",
            "sidoNm": "인천",
            "spclAdmTyCd": "A0",
            "telno": "032-457-2000",
            "yadmNm": "의료법인 인천사랑병원"
          },
          {
            "adtFrDd": "20200506",
            "hospTyTpCd": "A",
            "sgguNm": "관악구",
            "sidoNm": "서울",
            "spclAdmTyCd": "A0",
            "telno": "02-1877-8875",
            "yadmNm": "에이치플러스 양지병원"
          },
          {
            "adtFrDd": "20200801",
            "hospTyTpCd": "A",
            "sgguNm": "도봉구",
            "sidoNm": "서울",
            "spclAdmTyCd": "A0",
            "telno": "02-901-3114",
            "yadmNm": "의료법인한전의료재단 한일병원"
          },
          {
            "adtFrDd": "20200225",
            "hospTyTpCd": "B",
            "sgguNm": "영등포구",
            "sidoNm": "서울",
            "spclAdmTyCd": "A0",
            "telno": "02-829-5114",
            "yadmNm": "한림대학교 강남성심병원"
          },
          {
            "adtFrDd": "20200225",
            "hospTyTpCd": "B",
            "sgguNm": "동대문구",
            "sidoNm": "서울",
            "spclAdmTyCd": "A0",
            "telno": "02-2244-0191",
            "yadmNm": "삼육서울병원"
          },
          {
            "adtFrDd": "20200225",
            "hospTyTpCd": "B",
            "sgguNm": "동대문구",
            "sidoNm": "서울",
            "spclAdmTyCd": "A0",
            "telno": "02-958-8114",
            "yadmNm": "경희대학교병원"
          },
          {
            "adtFrDd": "20200225",
            "hospTyTpCd": "A",
            "sgguNm": "성북구",
            "sidoNm": "서울",
            "spclAdmTyCd": "A0",
            "telno": "02-912-0100",
            "yadmNm": "성북우리아이들병원"
          },
          {
            "adtFrDd": "20200225",
            "hospTyTpCd": "A",
            "sgguNm": "구로구",
            "sidoNm": "서울",
            "spclAdmTyCd": "A0",
            "telno": "02-858-0100",
            "yadmNm": "의료법인 우리아이들 의료재단 우리아이들병원"
          },
          {
            "adtFrDd": "20200226",
            "hospTyTpCd": "A",
            "sgguNm": "중구",
            "sidoNm": "서울",
            "spclAdmTyCd": "A0",
            "telno": "02-2270-0114",
            "yadmNm": "인제대학교 서울백병원"
          },
          {
            "adtFrDd": "20200226",
            "hospTyTpCd": "B",
            "sgguNm": "성동구",
            "sidoNm": "서울",
            "spclAdmTyCd": "A0",
            "telno": "02-2290-8114",
            "yadmNm": "한양대학교병원"
          },
          {
            "adtFrDd": "20200227",
            "hospTyTpCd": "A",
            "sgguNm": "노원구",
            "sidoNm": "서울",
            "spclAdmTyCd": "A0",
            "telno": "02-950-1114",
            "yadmNm": "인제대학교 상계백병원"
          },
          {
            "adtFrDd": "20200227",
            "hospTyTpCd": "A",
            "sgguNm": "서대문구",
            "sidoNm": "서울",
            "spclAdmTyCd": "A0",
            "telno": "02-396-9161",
            "yadmNm": "의료법인동신의료재단 동신병원"
          },
          {
            "adtFrDd": "20200227",
            "hospTyTpCd": "B",
            "sgguNm": "종로구",
            "sidoNm": "서울",
            "spclAdmTyCd": "A0",
            "telno": "-1588-5700",
            "yadmNm": "서울대학교병원"
          },
          {
            "adtFrDd": "20200227",
            "hospTyTpCd": "A",
            "sgguNm": "노원구",
            "sidoNm": "서울",
            "spclAdmTyCd": "A0",
            "telno": "02-970-8000",
            "yadmNm": "노원을지대학교병원"
          },
          {
            "adtFrDd": "20200227",
            "hospTyTpCd": "B",
            "sgguNm": "강동구",
            "sidoNm": "서울",
            "spclAdmTyCd": "A0",
            "telno": "02-440-7114",
            "yadmNm": "강동경희대학교의대병원"
          },
          {
            "adtFrDd": "20200302",
            "hospTyTpCd": "A",
            "sgguNm": "중랑구",
            "sidoNm": "서울",
            "spclAdmTyCd": "A0",
            "telno": "02-437-5011",
            "yadmNm": "의료법인풍산의료재단동부제일병원"
          },
          {
            "adtFrDd": "20200227",
            "hospTyTpCd": "A",
            "sgguNm": "울주군",
            "sidoNm": "울산",
            "spclAdmTyCd": "A0",
            "telno": "052-255-7114",
            "yadmNm": "서울산보람병원"
          },
          {
            "adtFrDd": "20200302",
            "hospTyTpCd": "B",
            "sgguNm": "제주시",
            "sidoNm": "제주",
            "spclAdmTyCd": "A0",
            "telno": "064-717-1114",
            "yadmNm": "제주대학교병원"
          },
          {
            "adtFrDd": "20200225",
            "hospTyTpCd": "A",
            "sgguNm": "논산시",
            "sidoNm": "충남",
            "spclAdmTyCd": "A0",
            "telno": "041-733-2191",
            "yadmNm": "의료법인 백제병원"
          },
          {
            "adtFrDd": "20200225",
            "hospTyTpCd": "B",
            "sgguNm": "천안시 서북구",
            "sidoNm": "충남",
            "spclAdmTyCd": "A0",
            "telno": "041-570-7555",
            "yadmNm": "의료법인 영서의료재단 천안충무병원"
          },
          {
            "adtFrDd": "20200226",
            "hospTyTpCd": "A",
            "sgguNm": "서산시",
            "sidoNm": "충남",
            "spclAdmTyCd": "A0",
            "telno": "041-661-1000",
            "yadmNm": "서산중앙병원"
          },
          {
            "adtFrDd": "20200227",
            "hospTyTpCd": "B",
            "sgguNm": "천안시 동남구",
            "sidoNm": "충남",
            "spclAdmTyCd": "A0",
            "telno": "041-570-2114",
            "yadmNm": "순천향대학교부속 천안병원"
          },
          {
            "adtFrDd": "20200225",
            "hospTyTpCd": "A",
            "sgguNm": "청주시 상당구",
            "sidoNm": "충북",
            "spclAdmTyCd": "A0",
            "telno": "043-222-7000",
            "yadmNm": "의료법인 인화재단 한국병원"
          },
          {
            "adtFrDd": "20200227",
            "hospTyTpCd": "A",
            "sgguNm": "충주시",
            "sidoNm": "충북",
            "spclAdmTyCd": "A0",
            "telno": "043-840-8200",
            "yadmNm": "건국대학교 충주병원"
          },
          {
            "adtFrDd": "20200228",
            "hospTyTpCd": "A",
            "sgguNm": "청주시 흥덕구",
            "sidoNm": "충북",
            "spclAdmTyCd": "A0",
            "telno": "043-230-6114",
            "yadmNm": "의료법인한마음의료재단하나병원"
          },
          {
            "adtFrDd": "20200228",
            "hospTyTpCd": "A",
            "sgguNm": "제천시",
            "sidoNm": "충북",
            "spclAdmTyCd": "A0",
            "telno": "043-642-7606",
            "yadmNm": "의료법인 자산의료재단 제천서울병원"
          },
          {
            "adtFrDd": "20200302",
            "hospTyTpCd": "A",
            "sgguNm": "제천시",
            "sidoNm": "충북",
            "spclAdmTyCd": "A0",
            "telno": "043-640-8114",
            "yadmNm": "의료법인명지의료재단명지병원"
          },
          {
            "adtFrDd": "20200313",
            "hospTyTpCd": "A",
            "sgguNm": "강화군",
            "sidoNm": "인천",
            "spclAdmTyCd": "A0",
            "telno": "032-290-0001",
            "yadmNm": "비에스종합병원"
          },
          {
            "adtFrDd": "20200806",
            "hospTyTpCd": "A",
            "sgguNm": "안성시",
            "sidoNm": "경기",
            "spclAdmTyCd": "A0",
            "telno": "031-8046-5000",
            "yadmNm": "경기도의료원 안성병원"
          },
          {
            "adtFrDd": "20200304",
            "hospTyTpCd": "B",
            "sgguNm": "평택시",
            "sidoNm": "경기",
            "spclAdmTyCd": "A0",
            "telno": "031-666-2600",
            "yadmNm": "의료법인 갈렌의료재단 박병원"
          },
          {
            "adtFrDd": "20200304",
            "hospTyTpCd": "A",
            "sgguNm": "군산시",
            "sidoNm": "전북",
            "spclAdmTyCd": "A0",
            "telno": "063-472-5000",
            "yadmNm": "전라북도 군산의료원"
          },
          {
            "adtFrDd": "20200304",
            "hospTyTpCd": "A",
            "sgguNm": "상주시",
            "sidoNm": "경북",
            "spclAdmTyCd": "A0",
            "telno": "054-532-5001",
            "yadmNm": "의료법인삼백의료재단상주성모병원"
          },
          {
            "adtFrDd": "20200305",
            "hospTyTpCd": "A",
            "sgguNm": "거제시",
            "sidoNm": "경남",
            "spclAdmTyCd": "A0",
            "telno": "055-733-0000",
            "yadmNm": "의료법인 거붕 백병원"
          },
          {
            "adtFrDd": "20200305",
            "hospTyTpCd": "A",
            "sgguNm": "안산시 상록구",
            "sidoNm": "경기",
            "spclAdmTyCd": "A0",
            "telno": "031-500-1114",
            "yadmNm": "근로복지공단안산병원"
          },
          {
            "adtFrDd": "20200305",
            "hospTyTpCd": "A",
            "sgguNm": "목포시",
            "sidoNm": "전남",
            "spclAdmTyCd": "A0",
            "telno": "061-260-6500",
            "yadmNm": "목포시의료원"
          },
          {
            "adtFrDd": "20200305",
            "hospTyTpCd": "A",
            "sgguNm": "구미시",
            "sidoNm": "경북",
            "spclAdmTyCd": "A0",
            "telno": "054-450-9700",
            "yadmNm": "차의과학대학교부속구미차병원"
          },
          {
            "adtFrDd": "20200901",
            "hospTyTpCd": "A",
            "sgguNm": "안산시 단원구",
            "sidoNm": "경기",
            "spclAdmTyCd": "A0",
            "telno": "031-8040-6600",
            "yadmNm": "의료법인 플러스의료재단 단원병원"
          },
          {
            "adtFrDd": "20200514",
            "hospTyTpCd": "A",
            "sgguNm": "천안시 동남구",
            "sidoNm": "충남",
            "spclAdmTyCd": "A0",
            "telno": "041-570-7200",
            "yadmNm": "충청남도 천안의료원"
          },
          {
            "adtFrDd": "20200401",
            "hospTyTpCd": "A",
            "sgguNm": "안양시 만안구",
            "sidoNm": "경기",
            "spclAdmTyCd": "A0",
            "telno": "031-467-9717",
            "yadmNm": "효산의료재단 안양샘병원"
          },
          {
            "adtFrDd": "20200519",
            "hospTyTpCd": "A",
            "sgguNm": "영주시",
            "sidoNm": "경북",
            "spclAdmTyCd": "A0",
            "telno": "054-630-0100",
            "yadmNm": "영주적십자병원"
          },
          {
            "adtFrDd": "20200403",
            "hospTyTpCd": "A",
            "sgguNm": "중구",
            "sidoNm": "서울",
            "spclAdmTyCd": "A0",
            "telno": "02-2260-7114",
            "yadmNm": "국립중앙의료원"
          },
          {
            "adtFrDd": "20200304",
            "hospTyTpCd": "A",
            "sgguNm": "양천구",
            "sidoNm": "서울",
            "spclAdmTyCd": "A0",
            "telno": "02-2604-7551",
            "yadmNm": "메디힐병원"
          },
          {
            "adtFrDd": "20200304",
            "hospTyTpCd": "B",
            "sgguNm": "서초구",
            "sidoNm": "서울",
            "spclAdmTyCd": "A0",
            "telno": "02-1588-1511",
            "yadmNm": "학교법인가톨릭학원가톨릭대학교서울성모병원"
          },
          {
            "adtFrDd": "20200303",
            "hospTyTpCd": "A",
            "sgguNm": "종로구",
            "sidoNm": "서울",
            "spclAdmTyCd": "A0",
            "telno": "02-737-0181",
            "yadmNm": "세란병원"
          },
          {
            "adtFrDd": "20200303",
            "hospTyTpCd": "A",
            "sgguNm": "기장군",
            "sidoNm": "부산",
            "spclAdmTyCd": "A0",
            "telno": "051-723-0171",
            "yadmNm": "(의)서일의료재단기장병원"
          },
          {
            "adtFrDd": "20200303",
            "hospTyTpCd": "A",
            "sgguNm": "동구",
            "sidoNm": "부산",
            "spclAdmTyCd": "A0",
            "telno": "051-664-4000",
            "yadmNm": "의료법인정화의료재단 김원묵기념봉생병원"
          },
          {
            "adtFrDd": "20200616",
            "hospTyTpCd": "A",
            "sgguNm": "원주시",
            "sidoNm": "강원",
            "spclAdmTyCd": "A0",
            "telno": "033-760-4605",
            "yadmNm": "강원도 원주의료원"
          },
          {
            "adtFrDd": "20200603",
            "hospTyTpCd": "A",
            "sgguNm": "성남시 수정구",
            "sidoNm": "경기",
            "spclAdmTyCd": "A0",
            "telno": "031-757-8900",
            "yadmNm": "순천의료재단 정병원"
          },
          {
            "adtFrDd": "20200601",
            "hospTyTpCd": "A",
            "sgguNm": "오산시",
            "sidoNm": "경기",
            "spclAdmTyCd": "A0",
            "telno": "031-379-8300",
            "yadmNm": "오산한국병원"
          },
          {
            "adtFrDd": "20200608",
            "hospTyTpCd": "A",
            "sgguNm": "남구",
            "sidoNm": "대구",
            "spclAdmTyCd": "A0",
            "telno": "053-640-8800",
            "yadmNm": "드림종합병원"
          },
          {
            "adtFrDd": "20200409",
            "hospTyTpCd": "A",
            "sgguNm": "삼척시",
            "sidoNm": "강원",
            "spclAdmTyCd": "A0",
            "telno": "033-572-1141",
            "yadmNm": "강원도 삼척의료원"
          },
          {
            "adtFrDd": "20200310",
            "hospTyTpCd": "A",
            "sgguNm": "전주시 덕진구",
            "sidoNm": "전북",
            "spclAdmTyCd": "A0",
            "telno": "063-240-8800",
            "yadmNm": "의료법인영경의료재단호성전주병원"
          },
          {
            "adtFrDd": "20200225",
            "hospTyTpCd": "A",
            "sgguNm": "유성구",
            "sidoNm": "대전",
            "spclAdmTyCd": "A0",
            "telno": "042-609-1000",
            "yadmNm": "의료법인영훈의료재단 유성선병원"
          },
          {
            "adtFrDd": "20200226",
            "hospTyTpCd": "B",
            "sgguNm": "중구",
            "sidoNm": "대전",
            "spclAdmTyCd": "A0",
            "telno": "042-220-9114",
            "yadmNm": "학교법인가톨릭학원 가톨릭대학교 대전성모병원"
          },
          {
            "adtFrDd": "20200226",
            "hospTyTpCd": "B",
            "sgguNm": "서구",
            "sidoNm": "대전",
            "spclAdmTyCd": "A0",
            "telno": "042-611-3000",
            "yadmNm": "학교법인 을지학원 대전을지대학교병원"
          },
          {
            "adtFrDd": "20200225",
            "hospTyTpCd": "A",
            "sgguNm": "연제구",
            "sidoNm": "부산",
            "spclAdmTyCd": "A0",
            "telno": "051-752-1990",
            "yadmNm": "한양류마디병원"
          },
          {
            "adtFrDd": "20200226",
            "hospTyTpCd": "A",
            "sgguNm": "서구",
            "sidoNm": "부산",
            "spclAdmTyCd": "A0",
            "telno": "-242-9751",
            "yadmNm": "삼육부산병원"
          },
          {
            "adtFrDd": "20200225",
            "hospTyTpCd": "A",
            "sgguNm": "사상구",
            "sidoNm": "부산",
            "spclAdmTyCd": "A0",
            "telno": "051-322-0900",
            "yadmNm": "의료법인은성의료재단좋은삼선병원"
          },
          {
            "adtFrDd": "20200225",
            "hospTyTpCd": "A",
            "sgguNm": "영도구",
            "sidoNm": "부산",
            "spclAdmTyCd": "A0",
            "telno": "051-414-8101",
            "yadmNm": "영도병원"
          },
          {
            "adtFrDd": "20200227",
            "hospTyTpCd": "B",
            "sgguNm": "서구",
            "sidoNm": "부산",
            "spclAdmTyCd": "A0",
            "telno": "-240-7000",
            "yadmNm": "부산대학교병원"
          },
          {
            "adtFrDd": "20200225",
            "hospTyTpCd": "A",
            "sgguNm": "동구",
            "sidoNm": "부산",
            "spclAdmTyCd": "A0",
            "telno": "051-644-2002",
            "yadmNm": "좋은문화병원"
          },
          {
            "adtFrDd": "20200225",
            "hospTyTpCd": "A",
            "sgguNm": "북구",
            "sidoNm": "부산",
            "spclAdmTyCd": "A0",
            "telno": "051-330-3000",
            "yadmNm": "의료법인 인당의료재단 부민병원"
          },
          {
            "adtFrDd": "20200226",
            "hospTyTpCd": "A",
            "sgguNm": "수영구",
            "sidoNm": "부산",
            "spclAdmTyCd": "A0",
            "telno": "051-625-0900",
            "yadmNm": "의료법인 은성의료재단 좋은강안병원"
          },
          {
            "adtFrDd": "20200310",
            "hospTyTpCd": "B",
            "sgguNm": "남구",
            "sidoNm": "광주",
            "spclAdmTyCd": "A0",
            "telno": "062-650-5000",
            "yadmNm": "광주기독병원"
          },
          {
            "adtFrDd": "20200310",
            "hospTyTpCd": "B",
            "sgguNm": "목포시",
            "sidoNm": "전남",
            "spclAdmTyCd": "A0",
            "telno": "061-280-3000",
            "yadmNm": "의료법인목포구암의료재단 목포중앙병원"
          },
          {
            "adtFrDd": "20200319",
            "hospTyTpCd": "B",
            "sgguNm": "남양주시",
            "sidoNm": "경기",
            "spclAdmTyCd": "A0",
            "telno": "031-510-0114",
            "yadmNm": "남양주 한양병원"
          },
          {
            "adtFrDd": "20200323",
            "hospTyTpCd": "B",
            "sgguNm": "달서구",
            "sidoNm": "대구",
            "spclAdmTyCd": "A0",
            "telno": "053-659-3100",
            "yadmNm": "삼일병원"
          },
          {
            "adtFrDd": "20200326",
            "hospTyTpCd": "A",
            "sgguNm": "전주시 덕진구",
            "sidoNm": "전북",
            "spclAdmTyCd": "A0",
            "telno": "063-240-7300",
            "yadmNm": "전주고려병원"
          },
          {
            "adtFrDd": "20200407",
            "hospTyTpCd": "A",
            "sgguNm": "의정부시",
            "sidoNm": "경기",
            "spclAdmTyCd": "A0",
            "telno": "031-845-7777",
            "yadmNm": "추병원"
          },
          {
            "adtFrDd": "20200603",
            "hospTyTpCd": "B",
            "sgguNm": "김포시",
            "sidoNm": "경기",
            "spclAdmTyCd": "A0",
            "telno": "-1588-0223",
            "yadmNm": "히즈메디병원"
          },
          {
            "adtFrDd": "20200526",
            "hospTyTpCd": "A",
            "sgguNm": "북구",
            "sidoNm": "울산",
            "spclAdmTyCd": "A0",
            "telno": "052-290-2100",
            "yadmNm": "울산엘리야병원"
          },
          {
            "adtFrDd": "20200227",
            "hospTyTpCd": "B",
            "sgguNm": "아산시",
            "sidoNm": "충남",
            "spclAdmTyCd": "A0",
            "telno": "041-536-6666",
            "yadmNm": "아산충무병원"
          },
          {
            "adtFrDd": "20200302",
            "hospTyTpCd": "A",
            "sgguNm": "남구",
            "sidoNm": "대구",
            "spclAdmTyCd": "A0",
            "telno": "053-623-8001",
            "yadmNm": "영남대학교병원"
          },
          {
            "adtFrDd": "20200320",
            "hospTyTpCd": "A",
            "sgguNm": "익산시",
            "sidoNm": "전북",
            "spclAdmTyCd": "A0",
            "telno": "063-840-9114",
            "yadmNm": "익산병원"
          },
          {
            "adtFrDd": "20200408",
            "hospTyTpCd": "A",
            "sgguNm": "창원시 의창구",
            "sidoNm": "경남",
            "spclAdmTyCd": "A0",
            "telno": "055-225-0000",
            "yadmNm": "창원한마음병원"
          },
          {
            "adtFrDd": "20200602",
            "hospTyTpCd": "A",
            "sgguNm": "남동구",
            "sidoNm": "인천",
            "spclAdmTyCd": "A0",
            "telno": "032-722-8585",
            "yadmNm": "국제바로병원"
          },
          {
            "adtFrDd": "20200622",
            "hospTyTpCd": "A",
            "sgguNm": "동구",
            "sidoNm": "대구",
            "spclAdmTyCd": "A0",
            "telno": "053-1688-7770",
            "yadmNm": "대구파티마병원"
          },
          {
            "adtFrDd": "20200803",
            "hospTyTpCd": "A",
            "sgguNm": "창원시 성산구",
            "sidoNm": "경남",
            "spclAdmTyCd": "A0",
            "telno": "055-214-2000",
            "yadmNm": "창원경상국립대학교병원"
          },
          {
            "adtFrDd": "20200319",
            "hospTyTpCd": "B",
            "sgguNm": "은평구",
            "sidoNm": "서울",
            "spclAdmTyCd": "A0",
            "telno": "02-350-3300",
            "yadmNm": "의료법인 청구성심병원"
          },
          {
            "adtFrDd": "20200309",
            "hospTyTpCd": "A",
            "sgguNm": "종로구",
            "sidoNm": "서울",
            "spclAdmTyCd": "A0",
            "telno": "02-2002-8000",
            "yadmNm": "서울적십자병원"
          },
          {
            "adtFrDd": "20200311",
            "hospTyTpCd": "A",
            "sgguNm": "부천시",
            "sidoNm": "경기",
            "spclAdmTyCd": "A0",
            "telno": "032-672-4100",
            "yadmNm": "부천우리병원"
          },
          {
            "adtFrDd": "20200507",
            "hospTyTpCd": "B",
            "sgguNm": "성남시 분당구",
            "sidoNm": "경기",
            "spclAdmTyCd": "A0",
            "telno": "031-779-0114",
            "yadmNm": "대진의료재단 분당제생병원"
          },
          {
            "adtFrDd": "20200316",
            "hospTyTpCd": "A",
            "sgguNm": "동대문구",
            "sidoNm": "서울",
            "spclAdmTyCd": "A0",
            "telno": "02-966-1616",
            "yadmNm": "서울성심병원"
          },
          {
            "adtFrDd": "20200828",
            "hospTyTpCd": "A",
            "sgguNm": "서구",
            "sidoNm": "인천",
            "spclAdmTyCd": "A0",
            "telno": "032-590-0114",
            "yadmNm": "검단탑병원"
          },
          {
            "adtFrDd": "20200225",
            "hospTyTpCd": "B",
            "sgguNm": "동구",
            "sidoNm": "울산",
            "spclAdmTyCd": "A0",
            "telno": "052-250-7000",
            "yadmNm": "학교법인 울산공업학원 울산대학교병원"
          },
          {
            "adtFrDd": "20200226",
            "hospTyTpCd": "A",
            "sgguNm": "북구",
            "sidoNm": "울산",
            "spclAdmTyCd": "A0",
            "telno": "052-280-9000",
            "yadmNm": "의료법인 송은의료재단 울산시티병원"
          },
          {
            "adtFrDd": "20200227",
            "hospTyTpCd": "A",
            "sgguNm": "남구",
            "sidoNm": "울산",
            "spclAdmTyCd": "A0",
            "telno": "052-259-5000",
            "yadmNm": "의료법인혜명심의료재단 울산병원"
          },
          {
            "adtFrDd": "20200225",
            "hospTyTpCd": "B",
            "sgguNm": "계양구",
            "sidoNm": "인천",
            "spclAdmTyCd": "A0",
            "telno": "032-240-8000",
            "yadmNm": "인천세종병원"
          },
          {
            "adtFrDd": "20200226",
            "hospTyTpCd": "A",
            "sgguNm": "중구",
            "sidoNm": "인천",
            "spclAdmTyCd": "A0",
            "telno": "032-270-8000",
            "yadmNm": "인천기독병원"
          },
          {
            "adtFrDd": "20200227",
            "hospTyTpCd": "A",
            "sgguNm": "동구",
            "sidoNm": "인천",
            "spclAdmTyCd": "A0",
            "telno": "032-765-7070",
            "yadmNm": "의료법인 성수의료재단 인천백병원"
          },
          {
            "adtFrDd": "20200226",
            "hospTyTpCd": "B",
            "sgguNm": "서구",
            "sidoNm": "인천",
            "spclAdmTyCd": "A0",
            "telno": "032-584-0114",
            "yadmNm": "의료법인루가의료재단 나은병원"
          },
          {
            "adtFrDd": "20200227",
            "hospTyTpCd": "B",
            "sgguNm": "남동구",
            "sidoNm": "인천",
            "spclAdmTyCd": "A0",
            "telno": "032-1577-2299",
            "yadmNm": "의료법인 길의료재단 길병원"
          },
          {
            "adtFrDd": "20200302",
            "hospTyTpCd": "B",
            "sgguNm": "부평구",
            "sidoNm": "인천",
            "spclAdmTyCd": "A0",
            "telno": "032-1544-9004",
            "yadmNm": "가톨릭대학교인천성모병원"
          },
          {
            "adtFrDd": "20200226",
            "hospTyTpCd": "B",
            "sgguNm": "목포시",
            "sidoNm": "전남",
            "spclAdmTyCd": "A0",
            "telno": "061-280-7500",
            "yadmNm": "목포기독병원"
          },
          {
            "adtFrDd": "20200227",
            "hospTyTpCd": "B",
            "sgguNm": "순천시",
            "sidoNm": "전남",
            "spclAdmTyCd": "A0",
            "telno": "061-720-2000",
            "yadmNm": "성가롤로병원"
          },
          {
            "adtFrDd": "20200225",
            "hospTyTpCd": "A",
            "sgguNm": "전주시 덕진구",
            "sidoNm": "전북",
            "spclAdmTyCd": "A0",
            "telno": "063-240-2000",
            "yadmNm": "대자인병원"
          },
          {
            "adtFrDd": "20200302",
            "hospTyTpCd": "B",
            "sgguNm": "군산시",
            "sidoNm": "전북",
            "spclAdmTyCd": "A0",
            "telno": "063-440-0300",
            "yadmNm": "의료법인 오성의료재단 동군산병원"
          },
          {
            "adtFrDd": "20200227",
            "hospTyTpCd": "B",
            "sgguNm": "제주시",
            "sidoNm": "제주",
            "spclAdmTyCd": "A0",
            "telno": "064-740-5000",
            "yadmNm": "제주한라병원"
          },
          {
            "adtFrDd": "20200313",
            "hospTyTpCd": "A",
            "sgguNm": "양천구",
            "sidoNm": "서울",
            "spclAdmTyCd": "A0",
            "telno": "02-2693-5555",
            "yadmNm": "홍익병원"
          },
          {
            "adtFrDd": "20200330",
            "hospTyTpCd": "A",
            "sgguNm": "구로구",
            "sidoNm": "서울",
            "spclAdmTyCd": "A0",
            "telno": "02-2067-1500",
            "yadmNm": "구로성심병원"
          },
          {
            "adtFrDd": "20200624",
            "hospTyTpCd": "A",
            "sgguNm": "세종특별자치시",
            "sidoNm": "세종",
            "spclAdmTyCd": "A0",
            "telno": "044-850-7700",
            "yadmNm": "의료법인 영제 의료재단 엔케이세종병원"
          },
          {
            "adtFrDd": "20200302",
            "hospTyTpCd": "B",
            "sgguNm": "구로구",
            "sidoNm": "서울",
            "spclAdmTyCd": "A0",
            "telno": "02-2626-1114",
            "yadmNm": "고려대학교의과대학부속구로병원"
          },
          {
            "adtFrDd": "20200316",
            "hospTyTpCd": "B",
            "sgguNm": "종로구",
            "sidoNm": "서울",
            "spclAdmTyCd": "A0",
            "telno": "02-2001-2001",
            "yadmNm": "강북삼성병원"
          },
          {
            "adtFrDd": "20200302",
            "hospTyTpCd": "A",
            "sgguNm": "남구",
            "sidoNm": "부산",
            "spclAdmTyCd": "A0",
            "telno": "051-933-7114",
            "yadmNm": "부산성모병원(재단법인 천주교부산교구유지재단)"
          },
          {
            "adtFrDd": "20200302",
            "hospTyTpCd": "A",
            "sgguNm": "남구",
            "sidoNm": "울산",
            "spclAdmTyCd": "A0",
            "telno": "052-226-1100",
            "yadmNm": "의료법인 정안의료재단 중앙병원"
          },
          {
            "adtFrDd": "20200229",
            "hospTyTpCd": "A",
            "sgguNm": "미추홀구",
            "sidoNm": "인천",
            "spclAdmTyCd": "A0",
            "telno": "032-888-7575",
            "yadmNm": "현대유비스병원"
          },
          {
            "adtFrDd": "20200229",
            "hospTyTpCd": "A",
            "sgguNm": "서구",
            "sidoNm": "인천",
            "spclAdmTyCd": "A0",
            "telno": "032-726-1000",
            "yadmNm": "(의)성세의료재단 뉴성민병원"
          },
          {
            "adtFrDd": "20200229",
            "hospTyTpCd": "A",
            "sgguNm": "북구",
            "sidoNm": "대구",
            "spclAdmTyCd": "A0",
            "telno": "053-320-2500",
            "yadmNm": "대구가톨릭대학교 칠곡가톨릭병원"
          },
          {
            "adtFrDd": "20200302",
            "hospTyTpCd": "A",
            "sgguNm": "군포시",
            "sidoNm": "경기",
            "spclAdmTyCd": "A0",
            "telno": "031-389-3000",
            "yadmNm": "효산의료재단 지샘병원"
          },
          {
            "adtFrDd": "20200229",
            "hospTyTpCd": "A",
            "sgguNm": "부천시",
            "sidoNm": "경기",
            "spclAdmTyCd": "A0",
            "telno": "032-670-0001",
            "yadmNm": "의료법인대인의료재단 다니엘종합병원"
          },
          {
            "adtFrDd": "20200305",
            "hospTyTpCd": "B",
            "sgguNm": "안산시 단원구",
            "sidoNm": "경기",
            "spclAdmTyCd": "A0",
            "telno": "031-412-5653",
            "yadmNm": "고려대학교의과대학부속안산병원"
          },
          {
            "adtFrDd": "20200302",
            "hospTyTpCd": "A",
            "sgguNm": "청주시 상당구",
            "sidoNm": "충북",
            "spclAdmTyCd": "A0",
            "telno": "043-221-5000",
            "yadmNm": "의료법인 정산의료재단 효성병원"
          },
          {
            "adtFrDd": "20200229",
            "hospTyTpCd": "A",
            "sgguNm": "청주시 흥덕구",
            "sidoNm": "충북",
            "spclAdmTyCd": "A0",
            "telno": "043-910-7575",
            "yadmNm": "재단법인베스티안재단베스티안병원"
          },
          {
            "adtFrDd": "20200229",
            "hospTyTpCd": "B",
            "sgguNm": "천안시 동남구",
            "sidoNm": "충남",
            "spclAdmTyCd": "A0",
            "telno": "041-1588-0063",
            "yadmNm": "단국대학교의과대학부속병원"
          },
          {
            "adtFrDd": "20200229",
            "hospTyTpCd": "B",
            "sgguNm": "목포시",
            "sidoNm": "전남",
            "spclAdmTyCd": "A0",
            "telno": "061-270-5800",
            "yadmNm": "목포한국병원"
          },
          {
            "adtFrDd": "20200302",
            "hospTyTpCd": "A",
            "sgguNm": "포항시 북구",
            "sidoNm": "경북",
            "spclAdmTyCd": "A0",
            "telno": "054-245-5338",
            "yadmNm": "의료법인은성의료재단좋은선린병원"
          },
          {
            "adtFrDd": "20200302",
            "hospTyTpCd": "B",
            "sgguNm": "진주시",
            "sidoNm": "경남",
            "spclAdmTyCd": "A0",
            "telno": "055-750-8000",
            "yadmNm": "경상국립대학교병원"
          },
          {
            "adtFrDd": "20200229",
            "hospTyTpCd": "A",
            "sgguNm": "진주시",
            "sidoNm": "경남",
            "spclAdmTyCd": "A0",
            "telno": "055-759-7777",
            "yadmNm": "한일병원"
          },
          {
            "adtFrDd": "20200304",
            "hospTyTpCd": "A",
            "sgguNm": "창원시 성산구",
            "sidoNm": "경남",
            "spclAdmTyCd": "A0",
            "telno": "055-262-8511",
            "yadmNm": "CNA서울아동병원"
          },
          {
            "adtFrDd": "20200302",
            "hospTyTpCd": "A",
            "sgguNm": "제주시",
            "sidoNm": "제주",
            "spclAdmTyCd": "A0",
            "telno": "064-750-9000",
            "yadmNm": "한마음병원"
          },
          {
            "adtFrDd": "20210329",
            "hospTyTpCd": "B",
            "sgguNm": "의정부시",
            "sidoNm": "경기",
            "spclAdmTyCd": "A0",
            "telno": "031-951-1000",
            "yadmNm": "학교법인 을지학원 의정부을지대학교병원"
          },
          {
            "adtFrDd": "20210201",
            "hospTyTpCd": "A",
            "sgguNm": "광산구",
            "sidoNm": "광주",
            "spclAdmTyCd": "A0",
            "telno": "062-975-3300",
            "yadmNm": "하나아동병원"
          },
          {
            "adtFrDd": "20201110",
            "hospTyTpCd": "A",
            "sgguNm": "천안시 서북구",
            "sidoNm": "충남",
            "spclAdmTyCd": "A0",
            "telno": "041-562-2021",
            "yadmNm": "두정이진병원"
          },
          {
            "adtFrDd": "20201216",
            "hospTyTpCd": "A",
            "sgguNm": "중구",
            "sidoNm": "대전",
            "spclAdmTyCd": "A0",
            "telno": "042-220-8114",
            "yadmNm": "의료법인 영훈의료재단 대전선병원"
          },
          {
            "adtFrDd": "20210105",
            "hospTyTpCd": "A",
            "sgguNm": "아산시",
            "sidoNm": "충남",
            "spclAdmTyCd": "A0",
            "telno": "041-533-3391",
            "yadmNm": "꿈크는아이병원"
          },
          {
            "adtFrDd": "20201214",
            "hospTyTpCd": "A",
            "sgguNm": "사천시",
            "sidoNm": "경남",
            "spclAdmTyCd": "A0",
            "telno": "055-852-8175",
            "yadmNm": "사천서울아동병원"
          },
          {
            "adtFrDd": "20201224",
            "hospTyTpCd": "A",
            "sgguNm": "고양시 덕양구",
            "sidoNm": "경기",
            "spclAdmTyCd": "A0",
            "telno": "031-930-3114",
            "yadmNm": "의료법인자인의료재단자인메디병원"
          },
          {
            "adtFrDd": "20210125",
            "hospTyTpCd": "A",
            "sgguNm": "거제시",
            "sidoNm": "경남",
            "spclAdmTyCd": "A0",
            "telno": "055-633-7599",
            "yadmNm": "서울아동병원"
          },
          {
            "adtFrDd": "20201118",
            "hospTyTpCd": "A",
            "sgguNm": "광명시",
            "sidoNm": "경기",
            "spclAdmTyCd": "A0",
            "telno": "-1833-7588",
            "yadmNm": "아이원병원"
          },
          {
            "adtFrDd": "20210118",
            "hospTyTpCd": "A",
            "sgguNm": "영도구",
            "sidoNm": "부산",
            "spclAdmTyCd": "A0",
            "telno": "051-730-8300",
            "yadmNm": "아이(i)서울병원"
          },
          {
            "adtFrDd": "20210227",
            "hospTyTpCd": "A",
            "sgguNm": "남양주시",
            "sidoNm": "경기",
            "spclAdmTyCd": "A0",
            "telno": "031-563-9999",
            "yadmNm": "아이맘어린이병원"
          },
          {
            "adtFrDd": "20210303",
            "hospTyTpCd": "A",
            "sgguNm": "목포시",
            "sidoNm": "전남",
            "spclAdmTyCd": "A0",
            "telno": "061-801-8001",
            "yadmNm": "목포아동병원"
          },
          {
            "adtFrDd": "20200923",
            "hospTyTpCd": "A",
            "sgguNm": "동구",
            "sidoNm": "광주",
            "spclAdmTyCd": "A0",
            "telno": "062-1899-0000",
            "yadmNm": "전남대학교병원"
          },
          {
            "adtFrDd": "20210101",
            "hospTyTpCd": "A",
            "sgguNm": "평택시",
            "sidoNm": "경기",
            "spclAdmTyCd": "A0",
            "telno": "031-652-2121",
            "yadmNm": "의료법인 박애의료재단 박애병원"
          },
          {
            "adtFrDd": "20201203",
            "hospTyTpCd": "A",
            "sgguNm": "화성시",
            "sidoNm": "경기",
            "spclAdmTyCd": "A0",
            "telno": "031-8060-5000",
            "yadmNm": "센트럴아동병원"
          },
          {
            "adtFrDd": "20201203",
            "hospTyTpCd": "A",
            "sgguNm": "남구",
            "sidoNm": "광주",
            "spclAdmTyCd": "A0",
            "telno": "062-600-2500",
            "yadmNm": "미래아동병원"
          },
          {
            "adtFrDd": "20201207",
            "hospTyTpCd": "B",
            "sgguNm": "성남시 분당구",
            "sidoNm": "경기",
            "spclAdmTyCd": "A0",
            "telno": "031-780-5000",
            "yadmNm": "차의과학대학교분당차병원"
          },
          {
            "adtFrDd": "20201203",
            "hospTyTpCd": "B",
            "sgguNm": "고흥군",
            "sidoNm": "전남",
            "spclAdmTyCd": "A0",
            "telno": "061-835-6000",
            "yadmNm": "의료법인영성의료재단 고흥종합병원"
          },
          {
            "adtFrDd": "20201101",
            "hospTyTpCd": "A",
            "sgguNm": "동래구",
            "sidoNm": "부산",
            "spclAdmTyCd": "A0",
            "telno": "051-503-2111",
            "yadmNm": "의료법인 광혜의료재단 광혜병원"
          },
          {
            "adtFrDd": "20210310",
            "hospTyTpCd": "A",
            "sgguNm": "군산시",
            "sidoNm": "전북",
            "spclAdmTyCd": "A0",
            "telno": "063-467-0001",
            "yadmNm": "키움병원"
          },
          {
            "adtFrDd": "20210206",
            "hospTyTpCd": "A",
            "sgguNm": "북구",
            "sidoNm": "광주",
            "spclAdmTyCd": "A0",
            "telno": "062-250-2500",
            "yadmNm": "북구미래아동병원"
          },
          {
            "adtFrDd": "20210325",
            "hospTyTpCd": "A",
            "sgguNm": "남구",
            "sidoNm": "부산",
            "spclAdmTyCd": "A0",
            "telno": "051-612-7582",
            "yadmNm": "부산아동병원"
          },
          {
            "adtFrDd": "20210325",
            "hospTyTpCd": "A",
            "sgguNm": "김해시",
            "sidoNm": "경남",
            "spclAdmTyCd": "A0",
            "telno": "055-724-3119",
            "yadmNm": "진영새싹병원"
          },
          {
            "adtFrDd": "20201118",
            "hospTyTpCd": "B",
            "sgguNm": "연수구",
            "sidoNm": "인천",
            "spclAdmTyCd": "A0",
            "telno": "032-899-4000",
            "yadmNm": "인천적십자병원"
          },
          {
            "adtFrDd": "20201020",
            "hospTyTpCd": "A",
            "sgguNm": "동래구",
            "sidoNm": "부산",
            "spclAdmTyCd": "A0",
            "telno": "051-554-1233",
            "yadmNm": "대동병원"
          },
          {
            "adtFrDd": "20201014",
            "hospTyTpCd": "A",
            "sgguNm": "연제구",
            "sidoNm": "부산",
            "spclAdmTyCd": "A0",
            "telno": "051-507-3000",
            "yadmNm": "부산광역시의료원"
          },
          {
            "adtFrDd": "20210109",
            "hospTyTpCd": "A",
            "sgguNm": "오산시",
            "sidoNm": "경기",
            "spclAdmTyCd": "A0",
            "telno": "031-375-4197",
            "yadmNm": "서울어린이병원"
          },
          {
            "adtFrDd": "20210112",
            "hospTyTpCd": "A",
            "sgguNm": "나주시",
            "sidoNm": "전남",
            "spclAdmTyCd": "A0",
            "telno": "061-338-7700",
            "yadmNm": "엔에이치미래아동병원"
          },
          {
            "adtFrDd": "20210112",
            "hospTyTpCd": "A",
            "sgguNm": "서구",
            "sidoNm": "인천",
            "spclAdmTyCd": "A0",
            "telno": "032-590-1500",
            "yadmNm": "청라연세어린이병원"
          },
          {
            "adtFrDd": "20210115",
            "hospTyTpCd": "A",
            "sgguNm": "광산구",
            "sidoNm": "광주",
            "spclAdmTyCd": "A0",
            "telno": "062-605-2500",
            "yadmNm": "광산수완미래아동병원"
          },
          {
            "adtFrDd": "20210220",
            "hospTyTpCd": "A",
            "sgguNm": "김해시",
            "sidoNm": "경남",
            "spclAdmTyCd": "A0",
            "telno": "055-325-5775",
            "yadmNm": "아이사랑병원"
          },
          {
            "adtFrDd": "20201228",
            "hospTyTpCd": "B",
            "sgguNm": "평택시",
            "sidoNm": "경기",
            "spclAdmTyCd": "A0",
            "telno": "-1800-8800",
            "yadmNm": "의료법인 양진의료재단 평택성모병원"
          },
          {
            "adtFrDd": "20210113",
            "hospTyTpCd": "A",
            "sgguNm": "강서구",
            "sidoNm": "부산",
            "spclAdmTyCd": "A0",
            "telno": "051-717-0230",
            "yadmNm": "명지아동병원"
          },
          {
            "adtFrDd": "20210201",
            "hospTyTpCd": "A",
            "sgguNm": "거제시",
            "sidoNm": "경남",
            "spclAdmTyCd": "A0",
            "telno": "055-632-8225",
            "yadmNm": "거제아동병원"
          },
          {
            "adtFrDd": "20210401",
            "hospTyTpCd": "A",
            "sgguNm": "유성구",
            "sidoNm": "대전",
            "spclAdmTyCd": "A0",
            "telno": "042-829-0000",
            "yadmNm": "코젤병원"
          },
          {
            "adtFrDd": "20210129",
            "hospTyTpCd": "A",
            "sgguNm": "전주시 완산구",
            "sidoNm": "전북",
            "spclAdmTyCd": "A0",
            "telno": "063-229-0114",
            "yadmNm": "미르아동병원"
          },
          {
            "adtFrDd": "20210201",
            "hospTyTpCd": "A",
            "sgguNm": "광산구",
            "sidoNm": "광주",
            "spclAdmTyCd": "A0",
            "telno": "062-467-3300",
            "yadmNm": "광산하나아동병원"
          },
          {
            "adtFrDd": "20200801",
            "hospTyTpCd": "A",
            "sgguNm": "부산진구",
            "sidoNm": "부산",
            "spclAdmTyCd": "A0",
            "telno": "051-607-0133",
            "yadmNm": "의료법인 온그룹의료재단 온종합병원"
          },
          {
            "adtFrDd": "20201116",
            "hospTyTpCd": "A",
            "sgguNm": "전주시 완산구",
            "sidoNm": "전북",
            "spclAdmTyCd": "A0",
            "telno": "063-280-0800",
            "yadmNm": "전주다솔아동병원"
          },
          {
            "adtFrDd": "20210119",
            "hospTyTpCd": "A",
            "sgguNm": "해운대구",
            "sidoNm": "부산",
            "spclAdmTyCd": "A0",
            "telno": "051-714-3501",
            "yadmNm": "해운대푸른바다어린이병원"
          },
          {
            "adtFrDd": "20210222",
            "hospTyTpCd": "A",
            "sgguNm": "유성구",
            "sidoNm": "대전",
            "spclAdmTyCd": "A0",
            "telno": "042-520-0000",
            "yadmNm": "대전코젤병원"
          },
          {
            "adtFrDd": "20201215",
            "hospTyTpCd": "A",
            "sgguNm": "동구",
            "sidoNm": "대전",
            "spclAdmTyCd": "A0",
            "telno": "042-606-1000",
            "yadmNm": "대전한국병원"
          },
          {
            "adtFrDd": "20201030",
            "hospTyTpCd": "B",
            "sgguNm": "시흥시",
            "sidoNm": "경기",
            "spclAdmTyCd": "A0",
            "telno": "031-8041-3000",
            "yadmNm": "의료법인 석경의료재단 센트럴병원"
          },
          {
            "adtFrDd": "20210112",
            "hospTyTpCd": "A",
            "sgguNm": "창원시 마산회원구",
            "sidoNm": "경남",
            "spclAdmTyCd": "A0",
            "telno": "055-299-8275",
            "yadmNm": "양덕서울아동병원"
          },
          {
            "adtFrDd": "20210203",
            "hospTyTpCd": "A",
            "sgguNm": "거제시",
            "sidoNm": "경남",
            "spclAdmTyCd": "A0",
            "telno": "055-687-8595",
            "yadmNm": "대우아동병원"
          },
          {
            "adtFrDd": "20201220",
            "hospTyTpCd": "A",
            "sgguNm": "강서구",
            "sidoNm": "부산",
            "spclAdmTyCd": "A0",
            "telno": "051-264-9500",
            "yadmNm": "행복한어린이병원"
          },
          {
            "adtFrDd": "20210503",
            "hospTyTpCd": "A",
            "sgguNm": "오산시",
            "sidoNm": "경기",
            "spclAdmTyCd": "A0",
            "telno": "031-373-7585",
            "yadmNm": "웰봄병원"
          },
          {
            "adtFrDd": "20210302",
            "hospTyTpCd": "B",
            "sgguNm": "중랑구",
            "sidoNm": "서울",
            "spclAdmTyCd": "A0",
            "telno": "02-2276-7000",
            "yadmNm": "서울특별시서울의료원"
          },
          {
            "adtFrDd": "20200408",
            "hospTyTpCd": "A",
            "sgguNm": "중랑구",
            "sidoNm": "서울",
            "spclAdmTyCd": "A0",
            "telno": "02-490-2000",
            "yadmNm": "녹색병원"
          },
          {
            "adtFrDd": "20201116",
            "hospTyTpCd": "A",
            "sgguNm": "동래구",
            "sidoNm": "부산",
            "spclAdmTyCd": "A0",
            "telno": "051-531-6000",
            "yadmNm": "동래봉생병원"
          },
          {
            "adtFrDd": "20210101",
            "hospTyTpCd": "A",
            "sgguNm": "영도구",
            "sidoNm": "부산",
            "spclAdmTyCd": "A0",
            "telno": "051-412-6161",
            "yadmNm": "의료법인 행도의료재단 해동병원"
          },
          {
            "adtFrDd": "20200923",
            "hospTyTpCd": "B",
            "sgguNm": "아산시",
            "sidoNm": "충남",
            "spclAdmTyCd": "A0",
            "telno": "041-546-3636",
            "yadmNm": "현대병원"
          },
          {
            "adtFrDd": "20201214",
            "hospTyTpCd": "A",
            "sgguNm": "이천시",
            "sidoNm": "경기",
            "spclAdmTyCd": "A0",
            "telno": "031-630-4200",
            "yadmNm": "경기도의료원 이천병원"
          },
          {
            "adtFrDd": "20210315",
            "hospTyTpCd": "A",
            "sgguNm": "기장군",
            "sidoNm": "부산",
            "spclAdmTyCd": "A0",
            "telno": "051-727-7812",
            "yadmNm": "정관우리아동병원"
          },
          {
            "adtFrDd": "20210407",
            "hospTyTpCd": "A",
            "sgguNm": "성남시 분당구",
            "sidoNm": "경기",
            "spclAdmTyCd": "A0",
            "telno": "031-787-2114",
            "yadmNm": "분당서울대학교병원"
          },
          {
            "adtFrDd": "20201208",
            "hospTyTpCd": "A",
            "sgguNm": "유성구",
            "sidoNm": "대전",
            "spclAdmTyCd": "A0",
            "telno": "042-1522-6705",
            "yadmNm": "봉키병원"
          },
          {
            "adtFrDd": "20210402",
            "hospTyTpCd": "A",
            "sgguNm": "서구",
            "sidoNm": "대전",
            "spclAdmTyCd": "A0",
            "telno": "042-485-2235",
            "yadmNm": "조이병원"
          },
          {
            "adtFrDd": "20201102",
            "hospTyTpCd": "A",
            "sgguNm": "거제시",
            "sidoNm": "경남",
            "spclAdmTyCd": "A0",
            "telno": "055-680-8114",
            "yadmNm": "의료법인 대우의료재단대우병원"
          },
          {
            "adtFrDd": "20201224",
            "hospTyTpCd": "A",
            "sgguNm": "고양시 일산동구",
            "sidoNm": "경기",
            "spclAdmTyCd": "A0",
            "telno": "-1577-0013",
            "yadmNm": "국민건강보험공단일산병원"
          }
        ]
      },
      "numOfRows": "269",
      "pageNo": "1",
      "totalCount": "269"
    }
  }
}