{
  "resultCode": "0",
  "resultMessage": "정상 처리되었습니다.",
  "korea": {
    "countryName": "합계",
    "newCase": "1,487",
    "totalCase": "250,051",
    "recovered": "220,358",
    "death": "2,284",
    "percentage": "482.45",
    "newCcase": "1,426",
    "newFcase": "61"
  },
  "seoul": {
    "countryName": "서울",
    "newCase": "444",
    "totalCase": "78,899",
    "recovered": "69,037",
    "death": "582",
    "percentage": "816.04",
    "newCcase": "436",
    "newFcase": "8"
  },
  "busan": {
    "countryName": "부산",
    "newCase": "57",
    "totalCase": "11,342",
    "recovered": "10,181",
    "death": "148",
    "percentage": "334.38",
    "newCcase": "55",
    "newFcase": "2"
  },
  "daegu": {
    "countryName": "대구",
    "newCase": "85",
    "totalCase": "13,595",
    "recovered": "12,585",
    "death": "227",
    "percentage": "562.16",
    "newCcase": "83",
    "newFcase": "2"
  },
  "incheon": {
    "countryName": "인천",
    "newCase": "64",
    "totalCase": "11,755",
    "recovered": "10,436",
    "death": "77",
    "percentage": "399.45",
    "newCcase": "63",
    "newFcase": "1"
  },
  "gwangju": {
    "countryName": "광주",
    "newCase": "30",
    "totalCase": "4,034",
    "recovered": "3,754",
    "death": "25",
    "percentage": "278.2",
    "newCcase": "29",
    "newFcase": "1"
  },
  "daejeon": {
    "countryName": "대전",
    "newCase": "29",
    "totalCase": "5,613",
    "recovered": "4,727",
    "death": "36",
    "percentage": "383.43",
    "newCcase": "29",
    "newFcase": "0"
  },
  "ulsan": {
    "countryName": "울산",
    "newCase": "36",
    "totalCase": "4,151",
    "recovered": "3,771",
    "death": "41",
    "percentage": "365.4",
    "newCcase": "35",
    "newFcase": "1"
  },
  "sejong": {
    "countryName": "세종",
    "newCase": "8",
    "totalCase": "985",
    "recovered": "888",
    "death": "1",
    "percentage": "276.82",
    "newCcase": "8",
    "newFcase": "0"
  },
  "gyeonggi": {
    "countryName": "경기",
    "newCase": "408",
    "totalCase": "70,650",
    "recovered": "61,285",
    "death": "747",
    "percentage": "526.18",
    "newCcase": "402",
    "newFcase": "6"
  },
  "gangwon": {
    "countryName": "강원",
    "newCase": "29",
    "totalCase": "5,430",
    "recovered": "4,953",
    "death": "59",
    "percentage": "351.95",
    "newCcase": "29",
    "newFcase": "0"
  },
  "chungbuk": {
    "countryName": "충북",
    "newCase": "38",
    "totalCase": "5,137",
    "recovered": "4,583",
    "death": "73",
    "percentage": "320.89",
    "newCcase": "36",
    "newFcase": "2"
  },
  "chungnam": {
    "countryName": "충남",
    "newCase": "60",
    "totalCase": "6,899",
    "recovered": "5,721",
    "death": "55",
    "percentage": "325.27",
    "newCcase": "57",
    "newFcase": "3"
  },
  "jeonbuk": {
    "countryName": "전북",
    "newCase": "26",
    "totalCase": "3,562",
    "recovered": "3,135",
    "death": "60",
    "percentage": "197.44",
    "newCcase": "25",
    "newFcase": "1"
  },
  "jeonnam": {
    "countryName": "전남",
    "newCase": "29",
    "totalCase": "2,586",
    "recovered": "2,352",
    "death": "19",
    "percentage": "139.67",
    "newCcase": "27",
    "newFcase": "2"
  },
  "gyeongbuk": {
    "countryName": "경북",
    "newCase": "41",
    "totalCase": "7,073",
    "recovered": "6,347",
    "death": "88",
    "percentage": "267.98",
    "newCcase": "39",
    "newFcase": "2"
  },
  "gyeongnam": {
    "countryName": "경남",
    "newCase": "62",
    "totalCase": "9,924",
    "recovered": "9,003",
    "death": "31",
    "percentage": "297.11",
    "newCcase": "61",
    "newFcase": "1"
  },
  "jeju": {
    "countryName": "제주",
    "newCase": "12",
    "totalCase": "2,593",
    "recovered": "2,288",
    "death": "2",
    "percentage": "384.36",
    "newCcase": "12",
    "newFcase": "0"
  },
  "quarantine": {
    "countryName": "검역",
    "newCase": "29",
    "totalCase": "5,823",
    "recovered": "5,312",
    "death": "13",
    "percentage": "-",
    "newCcase": "0",
    "newFcase": "29"
  }
}
