﻿번호 (id),예방 접종 센터명 (centerName),시도 (sido),시군구 (sigungu),시설명 (facilityName),우편번호 (zipCode),주소 (address),위도 (lat),경도 (lng),생성일 (createdAt),수정일 (updatedAt),예방 접종 센터 유형 (centerType),운영 기관 (org),사무실 전화번호 (phoneNumber)
1,코로나19 중앙 예방접종센터,서울특별시,중구,국립중앙의료원 D동,04562,서울특별시 중구 을지로 39길 29,37.567817,127.004501,2021-03-03 07:00:52,2021-07-16 04:55:08,중앙/권역,국립중앙의료원,02-2260-7114
2,코로나19 중부권역 예방접종센터,충청남도,천안시 동남구,천안시 실내배드민턴장 1층,31212,충청남도 천안시 동남구 천안대로 357,36.779887,127.164717,2021-03-03 07:00:52,2021-07-16 04:55:08,중앙/권역,순천향대 천안병원,
3,코로나19 호남권역 예방접종센터,광주광역시,동구,조선대학교병원 의성관 5층,61452,광주광역시 동구 필문대로 365,35.139465,126.925563,2021-03-03 07:00:52,2021-07-16 04:55:08,중앙/권역,조선대병원,062-220-3739
4,코로나19 영남권역 예방접종센터,경상남도,양산시,양산 부산대병원 기숙사동 1층,50612,경상남도 양산시 물금읍 금오로 20,35.3239,129.009337,2021-03-03 07:00:53,2021-07-16 04:55:08,중앙/권역,양산 부산대병원,055-360-6701
5,코로나19 대구광역시 중구 예방접종센터,대구광역시,중구,계명대학교 대구동산병원 별관,41931,대구시 중구 달성로 56,35.869985,128.583716,2021-03-03 07:00:53,2021-07-16 04:55:09,지역,,053-661-3955
6,코로나19 서울특별시 성동구 예방접종센터,서울특별시,성동구,성동구청 대강당(3층),04750,서울특별시 성동구 고산자로 270,37.563457,127.036981,2021-03-15 00:03:43,2021-07-16 04:55:09,지역,,02-2286-5084
7,코로나19 부산광역시 부산진구 예방접종센터,부산광역시,부산진구,부산시민공원 시민사랑채,47197,부산 부산진구 시민공원로 73,35.170182,129.059301,2021-03-15 00:03:43,2021-07-16 04:55:09,지역,,051-605-8633
8,코로나19 인천광역시 연수구 예방접종센터,인천광역시,연수구,선학경기장 선학체육관,21908,인천광역시 연수구 경원대로 526,37.429571,126.703271,2021-03-15 00:03:43,2021-07-16 04:55:10,지역,,032-749-8121
9,코로나19 광주광역시 서구 예방접종센터,광주광역시,서구,빛고을체육관,62048,광주광역시 서구 금화로 278,35.135361,126.8771731,2021-03-15 00:03:43,2021-07-16 04:55:10,지역,,062-371-8731
10,코로나19 대전광역시 유성구 예방접종센터,대전광역시,유성구,유성종합스포츠센터,34128,대전광역시 유성구 유성대로 978,36.378512,127.344399,2021-03-15 00:03:44,2021-07-16 04:55:11,지역,,042-611-2498
11,코로나19 울산광역시 중구 예방접종센터,울산광역시,중구,동천체육관,44497,울산시 중구 염포로 85,35.562451,129.350436,2021-03-15 00:03:44,2021-07-16 04:55:11,지역,,052-290-4941
12,코로나19 세종특별자치시 예방접종센터,세종특별자치시,,남세종종합청소년센터,30099,세종특별자치시 달빛1로 227,36.519427,127.245248,2021-03-15 00:07:52,2021-07-16 04:55:11,지역,,044-301-2868
13,코로나19 경기도 수원시 예방접종센터,경기도,수원시 영통구,아주대 실내체육관,16499,경기도 수원시 영통구 월드컵로 206,37.279932,127.045439,2021-03-15 00:07:52,2021-07-16 04:55:11,지역,,031-228-3737
14,코로나19 경기도 고양시 일산동구 예방접종센터,경기도,고양시 일산동구,고양꽃전시관,10400,경기도 고양시 일산동구 호수로 595,37.653775,126.768889,2021-03-15 00:07:53,2021-07-16 04:55:11,지역,,031-8075-4830
15,코로나19 강원도 원주시 예방접종센터,강원도,원주시,치악체육관,26447,강원도 원주시 서원대로 279,37.338561,127.940763,2021-03-15 00:07:53,2021-07-16 04:55:11,지역,,033-737-4012
16,코로나19 충청북도 청주시 예방접종센터,충청북도,청주시 상당구,상당구청 스포츠센터,28806,충청북도 청주시 상당구 남일면 단재로 466,36.589755,127.505123,2021-03-15 00:07:53,2021-07-16 04:55:11,지역,,043-201-4394
17,코로나19 충청남도 천안시 서북구 예방접종센터,충청남도,천안시 서북구,천안시 실내테니스장,31157,충남 천안시 서북구 번영로 208,36.817161,127.112761,2021-03-15 00:07:53,2021-07-16 04:55:12,지역,,041-521-3013
18,코로나19 전라북도 전주시 예방접종센터,전라북도,전주시 완산구,화산체육관,54984,전주시 완산구 백제대로 310,35.821042,127.124525,2021-03-15 00:07:53,2021-07-16 04:55:12,지역,,063-281-6621
19,코로나19 전라남도 목포시 예방접종센터,전라남도,목포시,목포실내체육관,58608,전남 목포시 대양로 286,34.825289,126.406585,2021-03-15 00:07:53,2021-07-16 04:55:12,지역,,063-270-8939
20,코로나19 경상북도 포항시 남구 예방접종센터,경상북도,포항시 남구,포항종합운동장 실내체육관,37832,경북 포항시 남구 희망대로 810,36.008538,129.360825,2021-03-15 00:07:53,2021-07-16 04:55:12,지역,,054-270-4959
21,코로나19 경상남도 창원시 마산구 예방접종센터,경상남도,창원시 마산회원구,마산체육관,51323,경남 창원시 마산회원구 삼호로 63,35.222011,128.579527,2021-03-15 00:07:53,2021-07-16 04:55:12,지역,,055-225-7671
22,코로나19 제주특별자치도 제주시 예방접종센터,제주특별자치도,제주시,한라체육관,63189,제주시 서광로2길 24,33.497436,126.515526,2021-03-15 00:07:53,2021-07-16 04:55:12,지역,,064-728-4028
23,코로나19 서울특별시 중랑구 예방접종센터,서울특별시,중랑구,중랑문화체육관,02261,서울특별시 중랑구 사가정로72길47,37.5793205,127.0957285,2021-03-30 08:50:56,2021-07-16 04:55:12,지역,,02-2094-0275
24,코로나19 서울특별시 성북구 예방접종센터,서울특별시,성북구,성북아트홀(구청4층),02848,서울특별시 성북구 보문로 168,37.5894,127.016749,2021-03-30 08:50:56,2021-07-16 04:55:13,지역,,02-2241-4305
25,코로나19 서울특별시 노원구 예방접종센터,서울특별시,노원구,노원구민체육센터,01741,서울특별시 노원구 노원로22길 1,37.6481759,127.0707093,2021-03-30 08:50:56,2021-07-16 04:55:13,지역,,02-2116-3084
26,코로나19 서울특별시 은평구 예방접종센터,서울특별시,은평구,은평문화 예술회관,03381,서울특별시 은평구 녹번로 16,37.6037201,126.9279226,2021-03-30 08:50:57,2021-07-16 04:55:13,지역,,02-351-6187
27,코로나19 서울특별시 동작구 예방접종센터,서울특별시,동작구,사당종합체육관,06989,서울특별시 동작구 사당로27길 232,37.4928063,126.9697426,2021-03-30 08:50:57,2021-07-16 04:55:13,지역,,02-820-1965
28,코로나19 서울특별시 송파구 예방접종센터,서울특별시,송파구,송파구 체육문화회관,05771,서울특별시 송파구 양산로15,37.4907262,127.1428442,2021-03-30 08:50:57,2021-07-16 04:55:13,지역,,02-2147-2131
29,코로나19 부산광역시 남구 예방접종센터,부산광역시,남구,남구국민체육센터,48563,부산광역시 남구 백운포로 110,35.1038048,129.1080682,2021-03-30 08:50:57,2021-07-16 04:55:13,지역,,051-607-3725
30,코로나19 인천광역시 서구 예방접종센터,인천광역시,서구,인천아시아드주경기장,22717,인천광역시 서구 봉수대로 806,37.5476153,126.6666173,2021-03-30 08:50:57,2021-07-16 04:55:13,지역,,032-560-5053
31,코로나19 광주광역시 남구 예방접종센터,광주광역시,남구,남구다목적체육관,61711,광주광역시 남구 화산로 110,35.1141618,126.9087287,2021-03-30 08:50:57,2021-07-16 04:55:14,지역,,062-607-4336
32,코로나19 울산광역시 남구 예방접종센터,울산광역시,남구,남구국민체육센터,44766,울산광역시 남구 여천로 38,35.5228599,129.3379882,2021-03-30 08:50:57,2021-07-16 04:55:14,지역,,052-226-2399
33,코로나19 경기도 성남시 분당구 예방접종센터,경기도,성남시 분당구,탄천종합운동장 체육회관 이벤트홀,13495,경기도 성남시 분당구 탄천로 215,37.4094673,127.1197616,2021-03-30 08:50:57,2021-07-16 04:55:14,지역,,031-729-8582
34,코로나19 경기도 안양시 동안구 예방접종센터,경기도,안양시 동안구,안양종합운동장 보조경기장,13918,경기도 안양시 동안구 평촌대로 389,37.404422,126.9483443,2021-03-30 08:50:57,2021-07-16 04:55:14,지역,,031-8045-4843
35,코로나19 경기도 남양주시 예방접종센터,경기도,남양주시,남양주 체육문화센터,12244,경기도 남양주시 다산 지금로 91,37.6053844,127.1767155,2021-03-30 08:50:57,2021-07-16 04:55:14,지역,,031-590-2598
36,코로나19 강원도 강릉시 예방접종센터,강원도,강릉시,강릉실내롤러스케이트장,25474,강원도 강릉시 종합운동장길 72-25,37.7725668,128.8929531,2021-03-30 08:50:57,2021-07-16 04:55:15,지역,,033-660-2401
37,코로나19 강원도 춘천시 예방접종센터,강원도,춘천시,봄내체육관,24243,강원도 춘천시 평화로 25,37.8813604,127.7185339,2021-03-30 08:50:57,2021-07-16 04:55:15,지역,,033-245-5970
38,코로나19 강원도 삼척시 예방접종센터,강원도,삼척시,삼척체육관,25909,강원도 삼척시 교동 243-13,37.4564581,129.1720754,2021-03-30 08:50:57,2021-07-16 04:55:15,지역,,033-570-4669
39,코로나19 충청북도 충주시 예방접종센터,충청북도,충주시,충주체육관,27371,충청북도 충주시 예성로 266,36.9816923,127.9365796,2021-03-30 08:50:57,2021-07-16 04:55:15,지역,,043-850-0002
40,코로나19 충청북도 음성군 예방접종센터,충청북도,음성군,음성실내체육관,27704,충청북도 음성군 설성로 47,36.9307354,127.6843934,2021-03-30 08:50:58,2021-07-16 04:55:15,지역,,043-871-4392
41,코로나19 충청남도 아산시 예방접종센터,충청남도,아산시,이순신종합운동장 복합스포츠센터,31528,충청남도 아산시 남부로 370-24,36.7702519,127.0220209,2021-03-30 08:50:58,2021-07-16 04:55:15,지역,,041-537-3413
42,코로나19 충청남도 논산시 예방접종센터,충청남도,논산시,시민운동장,32993,충청남도 논산시 체육로 110,36.1952048,127.104313,2021-03-30 08:50:58,2021-07-16 04:55:15,지역,,041-746-8032
43,코로나19 전라북도 군산시 예방접종센터,전라북도,군산시,월명종합경기장 월명체육관,54078,전라북도 군산시 번영로 281,35.9627736,126.7460261,2021-03-30 08:50:58,2021-07-16 04:55:16,지역,,063-460-0024
44,코로나19 전라북도 정읍시 예방접종센터,전라북도,정읍시,정읍실내체육관,56158,전라북도 정읍시 서부로 9,35.5695705,126.8442138,2021-03-30 08:50:58,2021-07-16 04:55:16,지역,,063-539-6103
45,코로나19 전라북도 남원시 예방접종센터,전라북도,남원시,춘향골 체육관,55766,전라북도 남원시 충정로 341,35.4305186,127.4021114,2021-03-30 08:50:58,2021-07-16 04:55:16,지역,,063-620-7939
46,코로나19 전라남도 여수시 예방접종센터,전라남도,여수시,흥국체육관,59676,전라남도 여수시 선소로 93,34.7610227,127.6679095,2021-03-30 08:50:58,2021-07-16 04:55:17,지역,,061-659-4269
47,코로나19 전라남도 순천시 예방접종센터,전라남도,순천시,순천대학교 국제문화컨벤션관,57922,전라남도 순천시 중앙로 235,34.9668203,127.4840561,2021-03-30 08:50:58,2021-07-16 04:55:17,지역,,061-749-3588
48,코로나19 경상남도 진주시 예방접종센터,경상남도,진주시,진주종합실내체육관(초전동),52733,경상남도 진주시 남강로 1655,35.2079236,128.1252806,2021-03-30 08:50:58,2021-07-16 04:55:17,지역,,055-749-6616
49,코로나19 경상남도 통영시 예방접종센터,경상남도,통영시,충무체육관,53047,경상남도 통영시 북문2길 34,34.8510954,128.4289365,2021-03-30 08:50:58,2021-07-16 04:55:17,지역,,055-650-6053
50,코로나19 서울특별시 중구 예방접종센터 ,서울특별시,중구,충무스포츠센터,04569,서울특별시 중구퇴계로 387,37.566055,127.014916,2021-04-07 08:43:42,2021-07-16 04:55:18,지역,,02-3396-4503
51,코로나19 부산광역시 금정구  예방접종센터 ,부산광역시,금정구,금정문화회관 생활문화관,46251,부산광역시 금정구 체육공원로 7,35.245876,129.093772,2021-04-07 08:43:43,2021-07-16 04:55:18,지역,,051-519-5798
52,코로나19 부산광역시 북구  예방접종센터 ,부산광역시,북구,북구문화예술회관,46547,부산광역시 북구 금곡대로 46번길 50,35.2134804,129.0054594,2021-04-07 08:43:43,2021-07-16 04:55:18,지역,,051-309-7023
53,코로나19 인천광역시 부평구 예방접종센터 ,인천광역시,부평구,삼산월드체육관,21343,인천광역시 부평구 체육관로 60,37.5077049,126.7378965,2021-04-07 08:43:43,2021-07-16 04:55:18,지역,,032-509-8251
54,코로나19 대구광역시 동구 예방접종센터 ,대구광역시,동구,아양아트센터,41179,대구광역시 동구 효동로2길 24,35.8794015,128.6522348,2021-04-07 08:43:43,2021-07-16 04:55:18,지역,,053-662-3236
55,코로나19 대구광역시 달서구 예방접종센터 ,대구광역시,달서구,성서산업단지 다목적체육관,42718,대구광역시 달서구 성서공단로22길 25,35.8328886,128.4953904,2021-04-07 08:43:43,2021-07-16 04:55:18,지역,,053-667-2225
56,코로나19 울산광역시 북구 예방접종센터 ,울산광역시,북구,오토밸리복지센터,44248,울산광역시 북구 산업로 1020,35.584287,129.3604209,2021-04-07 08:43:43,2021-07-16 04:55:18,지역,,052-241-8241
57,코로나19 경기도 안산시 단원구 예방접종센터 ,경기도,안산시 단원구,올림픽기념관 체육관,15335,경기 안산시 단원구 적금로202,37.3263283,126.8274303,2021-04-07 08:43:43,2021-07-16 04:55:19,지역,,031-369-1702
58,코로나19 경기도 용인시 처인구 예방접종센터 ,경기도,용인시 처인구,용인미르스타디움,16997,경기 용인시 처인구 동백죽전대로 61,37.2498203,127.1651803,2021-04-07 08:43:43,2021-07-16 04:55:19,지역,,031-324-2716
59,코로나19 경기도 화성시 예방접종센터 ,경기도,화성시,동탄나래울 종합사회복지관,18427,경기 화성시 여울로2길 33,37.205272,127.0511977,2021-04-07 08:43:43,2021-07-16 04:55:19,지역,,031-5189-6936
60,코로나19 경기도 시흥시 예방접종센터 ,경기도,시흥시,정왕평생학습관,15055,경기 시흥시 정왕대로 233번길 21,37.3478839,126.7405209,2021-04-07 08:43:43,2021-07-16 04:55:19,지역,,031-310-5851
61,코로나19 충청남도 서산시 예방접종센터 ,충청남도,서산시,서산시민체육관,31963,충남 서산시 안견로 661,36.7977904,126.4362312,2021-04-07 08:43:43,2021-07-16 04:55:20,지역,,041-661-8245
62,코로나19 전라남도 광양시 예방접종센터 ,전라남도,광양시,광양실내체육관,57728,전남 광양시 광양읍 매천로 695-20,34.9828346,127.575275,2021-04-07 08:43:43,2021-07-16 04:55:20,지역,,061-797-3789
63,코로나19 전라남도 구례군 예방접종센터 ,전라남도,구례군,구례실내체육관,57635,전남 구례군 구례읍 서시천로 76-11,35.215724,127.468087,2021-04-07 08:43:44,2021-07-16 04:55:20,지역,,061-780-2012
64,코로나19 전라남도 해남군 예방접종센터 ,전라남도,해남군,건강누리센터,59038,전남 해남군 해남로 46,34.5705646,126.6120737,2021-04-07 08:43:44,2021-07-16 04:55:20,지역,,061-531-3752
65,코로나19 전라남도 영광군 예방접종센터 ,전라남도,영광군,영광스포티움 실내보조체육관,57035,전남 영광군 영광읍 월현로 170,35.2884948,126.4958382,2021-04-07 08:43:44,2021-07-16 04:55:20,지역,,061-350-5562
66,코로나19 경상북도 포항시 북구 예방접종센터 ,경상북도,포항시 북구,양덕한마음체육관,37598,경북 포항시 북구 새천년대로1460,36.0778995,129.4066286,2021-04-07 08:43:44,2021-07-16 04:55:20,지역,,054-270-4132
67,코로나19 경상북도 안동시 예방접종센터 ,경상북도,안동시,안동체육관 실내보조경기장,36709,경북 안동시 육사로 205,36.5598062,128.7281196,2021-04-07 08:43:44,2021-07-16 04:55:20,지역,,054-840-5950
68,코로나19 경상북도 영천시 예방접종센터 ,경상북도,영천시,영천 생활체육관,38839,경북 영천시 운동장로 55,35.967746,128.923695,2021-04-07 08:43:44,2021-07-16 04:55:20,지역,,054-339-7781
69,코로나19 경상북도 고령군 예방접종센터 ,경상북도,고령군,주산체육관,40136,경북 고령군 대가야읍 주산순환길 91,35.729026,128.2628,2021-04-07 08:43:44,2021-07-16 04:55:21,지역,,054-950-7950
70,코로나19 경상북도 칠곡군 예방접종센터 ,경상북도,칠곡군,교육문화회관 사회교육관,39872,경북 칠곡군 왜관읍 관문로 1길 32,35.9919529,128.4171652,2021-04-07 08:43:44,2021-07-16 04:55:21,지역,,054-979-8255
71,코로나19 서울특별시 구로구 예방접종센터,서울특별시,구로구,구로구민회관,08301,서울특별시 구로구 가마산로25길 21,37.4970218,126.8894459,2021-04-07 08:43:44,2021-07-16 04:55:21,지역,,02-860-3304 
72,코로나19 서울특별시 용산구 예방접종센터,서울특별시,용산구,용산구 종합행정타운 전시실,04390,서울특별시 용산구 녹사평대로 150,37.532527,126.99049,2021-04-14 08:23:56,2021-07-16 04:55:21,지역,,02-2199-8200
73,코로나19 서울특별시 광진구 예방접종센터,서울특별시,광진구,자양체육관,05110,서울특별시 광진구 뚝섬로52길 66,37.5290609,127.078078,2021-04-14 08:23:57,2021-07-16 04:55:21,지역,,02-450-7102
74,코로나19 서울특별시 강북구 예방접종센터,서울특별시,강북구,강북구 문화예술회관,01036,서울특별시 강북구 삼각산로 85,37.6408544,127.0133421,2021-04-14 08:23:57,2021-07-16 04:55:22,지역,,02-901-6328
75,코로나19 서울특별시 도봉구 예방접종센터,서울특별시,도봉구,창동문화체육센터,01412,서울특별시 도봉구 노해로69길 132,37.6581175,127.0507056,2021-04-14 08:23:57,2021-07-16 04:55:22,지역,,02-2091-2102
76,코로나19 서울특별시 양천구 예방접종센터,서울특별시,양천구,해누리타운,08094,서울특별시 양천구 목동동로 81,37.5160346,126.8637671,2021-04-14 08:23:57,2021-07-16 04:55:22,지역,,02-2620-3058
77,코로나19 서울특별시 강서구 예방접종센터,서울특별시,강서구,(舊) 염강초등학교,07531,서울특별시 강서구 허준로 221-22(가양동),37.561253,126.8640385,2021-04-14 08:23:57,2021-07-16 04:55:22,지역,,02-2600-6119
78,코로나19 서울특별시 금천구 예방접종센터,서울특별시,금천구,금나래문화체육센터,08608,서울특별시 금천구 독산동 1148,37.4589429,126.8961165,2021-04-14 08:23:57,2021-07-16 04:55:23,지역,,02-2627-2692
79,코로나19 서울특별시 영등포구 예방접종센터,서울특별시,영등포구,영등포 아트홀,07258,서울특별시 영등포구 국회대로 596,37.5259976,126.9002927,2021-04-14 08:23:57,2021-07-16 04:55:23,지역,,02-2670-3316
80,코로나19 서울특별시 관악구 예방접종센터,서울특별시,관악구,관악구민종합체육센터,08799,서울특별시 관악구 낙성대로3길 37,37.4730839,126.9603185,2021-04-14 08:23:57,2021-07-16 04:55:23,지역,,02-879-5154
81,코로나19 서울특별시 강동구 예방접종센터,서울특별시,강동구,강동구민회관,05314,서울특별시 강동구 상암로 168,37.5457344,127.1412375,2021-04-14 08:23:57,2021-07-16 04:55:23,지역,,02-3425-5093
82,코로나19 서울특별시 서초구 예방접종센터,서울특별시,서초구,서초문화예술회관,06749,서울특별시 서초구 강남대로 201,37.4818405,127.03598,2021-04-14 08:23:57,2021-07-16 04:55:23,지역,,02-2155-6142
83,코로나19 서울특별시 종로구 예방접종센터,서울특별시,종로구,종로구민회관,03104,서울특별시 종로구 지봉로5길 7-5,37.573459,127.0144451,2021-04-14 08:23:57,2021-07-16 04:55:23,지역,,02-2148-1312
84,코로나19 서울특별시 동대문구 예방접종센터,서울특별시,동대문구,동대문구체육관,02609,서울특별시 동대문구 답십리로 210-3,37.5723256,127.0640118,2021-04-14 08:23:57,2021-07-16 04:55:23,지역,,02-2127-4025
85,코로나19 서울특별시 서대문구 예방접종센터,서울특별시,서대문구,북아현문화체육센터,03770,서울특별시 서대문구 북아현로 51,37.5618398,126.9554383,2021-04-14 08:23:58,2021-07-16 04:55:24,지역,,02-330-1065
86,코로나19 서울특별시 마포구 예방접종센터,서울특별시,마포구,마포구민체육센터,03954,서울특별시 마포구 월드컵로25길 190,37.5567653,126.8969649,2021-04-14 08:23:58,2021-07-16 04:55:24,지역,,02-3153-6332
87,코로나19 서울특별시 강남구 예방접종센터,서울특별시,강남구,일원에코센터,135-230,서울특별시 강남구 일원동 4-12,37.495249,127.0891754,2021-04-14 08:23:58,2021-07-16 04:55:24,지역,,02-3423-5162
88,코로나19 대구광역시 북구 예방접종센터,대구광역시,북구,대구복합스포츠타운 시민체육관,41594,대구광역시 북구 고성로 191 (고성동3가),35.8829254,128.5868043,2021-04-14 08:23:58,2021-07-16 04:55:24,지역,,053-665-0697
89,코로나19 대구광역시 서구 예방접종센터,대구광역시,서구,서구국민체육센터,41759,대구광역시 서구 문화로 72 (이현동),35.8733951,128.5409908,2021-04-14 08:23:58,2021-07-16 04:55:24,지역,,053-663-3222
90,코로나19 인천광역시 동구 예방접종센터,인천광역시,동구,송림체육관,22534,인천광역시 동구 염전로 30,37.4843624,126.6476567,2021-04-14 08:23:58,2021-07-16 04:55:24,지역,,032-770-5774
91,코로나19 인천광역시 강화군 예방접종센터,인천광역시,강화군,강화문예회관,23028,인천광역시 강화군 강화읍 고비고개로19번길 12,37.7453664,126.4745728,2021-04-14 08:23:58,2021-07-16 04:55:25,지역,,032-930-4045
92,코로나19 광주광역시 동구 예방접종센터,광주광역시,동구,동구문화센터,61498,"광주광역시 동구 남문로 646, 4층",35.128599,126.9309327,2021-04-14 08:23:58,2021-07-16 04:55:25,지역,,062-608-3394
93,코로나19 광주광역시 북구 예방접종센터,광주광역시,북구,전남대학교 스포츠센터,61186,"광주광역시 북구 우치로 91, 전남대학교",35.1753518,126.9119772,2021-04-14 08:23:58,2021-07-16 04:55:25,지역,,062-410-8118
94,코로나19 광주광역시 광산구 예방접종센터,광주광역시,광산구,광주보훈병원 재활체육관,62284,"광주광역시 광산구 첨단월봉로 99, 광주보훈병원",35.2079032,126.849672,2021-04-14 08:23:58,2021-07-16 04:55:25,지역,,062-960-6862
95,코로나19 대전광역시 동구 예방접종센터,대전광역시,동구,동구 국민체육센터,34593,대전광역시 동구 가양로 9,36.339464,127.4381621,2021-04-14 08:23:58,2021-07-16 04:55:25,지역,,042-251-4953
96,코로나19 대전광역시 중구 예방접종센터,대전광역시,중구,한밭체육관,35021,대전광역시 중구 대종로 373(부사동),36.315542,127.429163,2021-04-14 08:23:59,2021-07-16 04:55:26,지역,,042-288-8012
97,코로나19 대전광역시 서구 예방접종센터,대전광역시,서구,도솔다목적체육관,35344,대전광역시 서구 배재로197번길 41(도마동),36.324631,127.3678805,2021-04-14 08:23:59,2021-07-16 04:55:26,지역,,042-288-2611
98,코로나19 대전광역시 대덕구 예방접종센터,대전광역시,대덕구,청소년어울림센터,34411,대전광역시 대덕구 쌍청당로 25,36.3642759,127.4342936,2021-04-14 08:23:59,2021-07-16 04:55:26,지역,,042-608-5431
99,코로나19 울산광역시 동구 예방접종센터,울산광역시,동구,전하체육센터,44020,울산광역시 동구 봉수로 285,35.5120985,129.4220994,2021-04-14 08:23:59,2021-07-16 04:55:26,지역,,052-209-4101
100,코로나19 울산광역시 울주군 예방접종센터,울산광역시,울주군,울주군 국민체육센터,44920,울산광역시 울주군 범서읍 구영로 101-16,35.5744221,129.2449145,2021-04-14 08:23:59,2021-07-16 04:55:26,지역,,052-204-2743
101,코로나19 경기도 광명시 예방접종센터,경기도,광명시,광명시민체육관,14259,경기도 광명시 오리로 703(하안동),37.4634416,126.8706918,2021-04-14 08:23:59,2021-07-16 04:55:27,지역,,02-2680-0959
102,코로나19 경기도 의정부시 예방접종센터,경기도,의정부시,의정부역 앞 시민공원,480-010,경기도 의정부시 의정부동 161-10,37.7370107,127.0473647,2021-04-14 08:23:59,2021-07-16 04:55:27,지역,,031-870-6547
103,코로나19 경기도 평택시 송탄 예방접종센터,경기도,평택시,이충문화체육센터,17731,경기도 평택시 장안웃길 149,37.0660579,127.07071,2021-04-14 08:23:59,2021-07-16 04:55:27,지역,,031-8024-7242
104,코로나19 경기도 이천시 예방접종센터,경기도,이천시,이천시종합운동장 배드민턴장,17321,경기도 이천시 부발읍 중부대로 1696,37.2880067,127.4970639,2021-04-14 08:23:59,2021-07-16 04:55:27,지역,,031-645-3401
105,코로나19 경기도 여주시 예방접종센터,경기도,여주시,여주시 실내체육관,12625,경기도 여주시 영릉로 123,37.2936663,127.6233793,2021-04-14 08:23:59,2021-07-16 04:55:27,지역,,031-887-3277
106,코로나19 경기도 파주시 예방접종센터,경기도,파주시,시민회관 대공연장,10932,경기도 파주시 시민회관길 33,37.7592755,126.7806728,2021-04-14 08:23:59,2021-07-16 04:55:27,지역,,031-940-5597
107,코로나19 경기도 부천시 예방접종센터,경기도,부천시,부천체육관,14509,경기도 부천시 석천로 293,37.5133367,126.7630523,2021-04-14 08:24:00,2021-07-16 04:55:27,지역,,032-625-4493
108,코로나19 경기도 양평군 예방접종센터,경기도,양평군,물맑은실내체육관,12546,경기도 양평군 양평읍 마유산로 11,37.4968223,127.4856578,2021-04-14 08:24:00,2021-07-16 04:55:27,지역,,031-770-3944
109,코로나19 경기도 하남시 예방접종센터,경기도,하남시,하남종합운동장 제2체육관,12912,경기도 하남시 아리수로 600,37.5672704,127.1916928,2021-04-14 08:24:00,2021-07-16 04:55:28,지역,,031-790-5923
110,코로나19 경기도 의왕시 예방접종센터,경기도,의왕시,의왕시청소년수련관 다목적체육관,16077,경기도 의왕시 문화공원로 33,37.3419045,126.9718585,2021-04-14 08:24:00,2021-07-16 04:55:28,지역,,031-345-2071
111,코로나19 경기도 김포시 예방접종센터,경기도,김포시,김포시민회관 실내체육관,10110,경기도 김포시 사우중로26,37.6170586,126.7180147,2021-04-14 08:24:00,2021-07-16 04:55:28,지역,,031-5186-8300
112,코로나19 경기도 광주시 예방접종센터,경기도,광주시,시민체육관,12794,경기도 광주시 오포읍 청석로 85,37.3956313,127.2586309,2021-04-14 08:24:00,2021-07-16 04:55:28,지역,,031-760-8755
113,코로나19 경기도 안양시 만안구 예방접종센터,경기도,안양시 만안구,안양아트센터,14093,경기도 안양시 만안구 문예로36번길 16,37.3846631,126.9312877,2021-04-14 08:24:00,2021-07-16 04:55:28,지역,,031-8045-3110
114,코로나19 경기도 군포시 예방접종센터,경기도,군포시,시민체육광장,15862,경기도 군포시 산본로 267,37.3547732,126.9364681,2021-04-14 08:24:00,2021-07-16 04:55:28,지역,,031-389-4940
115,코로나19 경기도 포천시 예방접종센터,경기도,포천시,포천종합운동장,11154,경기도 포천시 군내면 호국로 1518,37.8880065,127.2007227,2021-04-14 08:24:00,2021-07-16 04:55:29,지역,,031-538-3611
116,코로나19 경기도 구리시 예방접종센터,경기도,구리시,인창도서관대강당,11922,경기도 구리시 건원대로34번길 90,37.6052822,127.145882,2021-04-14 08:24:00,2021-07-16 04:55:29,지역,,031-550-8666
117,코로나19 경기도 고양시 덕양구 예방접종센터,경기도,고양시 덕양구,고양어울림누리 체육관,10471,경기도 고양시 덕양구 어울림로 33,37.6490151,126.8334159,2021-04-14 08:24:00,2021-07-16 04:55:29,지역,,031-8075-4825
118,코로나19 강원도 동해시 예방접종센터,강원도,동해시,동해체육관,25750,강원도 동해시 덕골길 10,37.5176483,129.0993805,2021-04-14 08:24:00,2021-07-16 04:55:29,지역,,033-539-8346
119,코로나19 강원도 태백시 예방접종센터,강원도,태백시,문화예술회관,26009,강원도 태백시 고원로 203,37.1719567,128.9880281,2021-04-14 08:24:00,2021-07-16 04:55:29,지역,,033-550-3121
120,코로나19 강원도 속초시 예방접종센터,강원도,속초시,속초시생활체육관,24855,강원도 속초시 동해대로 4229,38.1966101,128.577105,2021-04-14 08:24:00,2021-07-16 04:55:29,지역,,033-639-2131
121,코로나19 강원도 영월군 예방접종센터,강원도,영월군,스포츠파크 실내체육관,26237,강원도 영월군 영월읍 제방안길 100,37.1769504,128.4648632,2021-04-14 08:24:01,2021-07-16 04:55:30,지역,,033-370-2517
122,코로나19 강원도 평창군 예방접종센터,강원도,평창군,평창읍 생활체육관,25377,강원 평창군 평창읍 산책길 38,37.3587642,128.3926594,2021-04-14 08:34:37,2021-07-16 04:55:30,지역,,033-330-4835
123,코로나19 강원도 정선군 예방접종센터,강원도,정선군,정선종합경기장 실내체육관,26125,강원도 정선군 정선읍 애산로 60,37.3770887,128.6747185,2021-04-14 08:34:37,2021-07-16 04:55:30,지역,,033-560-4024
124,코로나19 강원도 인제군 예방접종센터,강원도,인제군,인제체육관,24624,강원도 인제군 인제읍 비봉로44번길 113,38.0586312,128.165326,2021-04-14 08:34:37,2021-07-16 04:55:30,지역,,033-460-2513
125,코로나19 충청북도 고성군 예방접종센터,강원도,고성군,고성생활체육관,24728,강원도 고성군 간성읍 수성로 87,38.3763599,128.467108,2021-04-14 08:34:37,2021-07-16 04:55:31,지역,,033-680-3957
126,코로나19 충청북도 청주시 서원구 예방접종센터,충청북도,청주시 서원구,청주체육관,28559,충청북도 청주시 서원구 사직대로 229,36.6365136,127.4734123,2021-04-14 08:34:37,2021-07-16 04:55:31,지역,,043-201-3253
127,코로나19 충청북도 제천시 예방접종센터,충청북도,제천시,제천체육관,27182,충청북도 제천시 숭의로 85(화산동),37.1308774,128.215994,2021-04-14 08:34:37,2021-07-16 04:55:31,지역,,043-641-3902
128,코로나19 충청북도 옥천군 예방접종센터,충청북도,옥천군,옥천체육센터,29039,충청북도 옥천군 옥천읍 관성로 53,36.3023913,127.5754856,2021-04-14 08:34:37,2021-07-16 04:55:31,지역,,043-730-2192
129,코로나19 충청남도 공주시 예방접종센터,충청남도,공주시,백제체육관,32535,충청남도 공주시 고마나루길 51-14,36.4625653,127.1068865,2021-04-14 08:34:37,2021-07-16 04:55:31,지역,,041-840-8791
130,코로나19 충청남도 보령시 예방접종센터,충청남도,보령시,보령종합체육관,33494,충청남도 보령시 보령남로 339,36.3150123,126.6037814,2021-04-14 08:34:37,2021-07-16 04:55:31,지역,,041-930-5901
131,코로나19 충청남도 부여군 예방접종센터,충청남도,부여군,부여국민체육센터,33117,충청남도 부여군 규암면 호수로 82,36.2787095,126.8630546,2021-04-14 08:34:37,2021-07-16 04:55:31,지역,,041-830-8682
132,코로나19 충청남도 서천군 예방접종센터,충청남도,서천군,서천국민체육센터,33651,충청남도 서천군 마서면 마서로 400,36.0593861,126.6646855,2021-04-14 08:34:37,2021-07-16 04:55:32,지역,,041-950-4046
133,코로나19 충청남도 예산군 예방접종센터,충청남도,예산군,윤봉길체육관,32438,충청남도 예산군 예산읍 예산로 352,36.67701,126.8601305,2021-04-14 08:34:37,2021-07-16 04:55:32,지역,,041-339-6082
134,코로나19 충청남도 태안군 예방접종센터,충청남도,태안군,태안군민체육관,32140,충청남도 태안군 태안읍 백화로 200,36.7548093,126.3127186,2021-04-14 08:34:37,2021-07-16 04:55:32,지역,,041-671-5349
135,코로나19 전라북도 익산시 예방접종센터,전라북도,익산시,익산실내체육관,54582,전라북도 익산시 무왕로 1397,35.9697223,127.007237,2021-04-14 08:34:38,2021-07-16 04:55:32,지역,,063-859-7481
136,코로나19 충청남도 당진시 예방접종센터,충청남도,당진시,송악문화스포츠센터,31732,충청남도 당진시 송악읍 틀모시로 830,36.9071524,126.6910655,2021-04-14 08:34:38,2021-07-16 04:55:32,지역,,041-360-6120
137,코로나19 전라북도 진안군 예방접종센터,전라북도,진안군,전통문화전수관,55432,전라북도 진안군 진안읍 우화2길 35번지,35.7887905,127.4297061,2021-04-14 08:34:38,2021-07-16 04:55:33,지역,,063-430-8503
138,코로나19 전라북도 고창군 예방접종센터,전라북도,고창군,청소년수련관체육관,56450,전라북도 고창군 고창읍 운동장길 36,35.4336323,126.7231654,2021-04-14 08:34:38,2021-07-16 04:55:33,지역,,063-560-8564
139,코로나19 전라남도 나주시 예방접종센터,전라남도,나주시,나주종합스포츠파크(다목적체육관),58253,전라남도 나주시 영산강변로 99(송월동),35.0120317,126.7193446,2021-04-14 08:34:38,2021-07-16 04:55:33,지역,,061-339-2157
140,코로나19 전라남도 담양군 예방접종센터,전라남도,담양군,담양문화회관,57344,전라남도 담양군 담양읍 지침6길 29,35.3163146,126.9855713,2021-04-14 08:34:38,2021-07-16 04:55:33,지역,,061-380-3961
141,코로나19 전라남도 곡성군 예방접종센터,전라남도,곡성군,곡성문화체육관,57535,전라남도 곡성군 곡성읍 곡성로 855,35.281329,127.298185,2021-04-14 08:34:38,2021-07-16 04:55:33,지역,,061-380-8981
142,코로나19 전라남도 고흥군 예방접종센터,전라남도,고흥군,팔영체육관,59536,전라남도 고흥군 고흥읍 고흥로 1892-67,34.6155045,127.300194,2021-04-14 08:34:38,2021-07-16 04:55:33,지역,,061-830-6626
143,코로나19 전라남도 보성군 예방접종센터,전라남도,보성군,다향체육관,59451,전라남도 보성군 보성읍 용문길 18,34.7721583,127.0945875,2021-04-14 08:34:38,2021-07-16 04:55:33,지역,,061-850-5683
144,코로나19 전라남도 장흥군 예방접종센터,전라남도,장흥군,장흥군 실내체육관,59333,전라남도 장흥군 장흥읍 읍성로 5-28,34.6699466,126.8924111,2021-04-14 08:34:38,2021-07-16 04:55:34,지역,,061-860-6476
145,코로나19 전라남도 화순군 예방접종센터,전라남도,화순군,이용대체육관,58149,전라남도 화순군 화순읍 학포로 2698,35.0501241,126.9686133,2021-04-14 08:34:38,2021-07-16 04:55:34,지역,,061-379-5992
146,코로나19 전라남도 강진군 예방접종센터,전라남도,강진군,제2실내체육관,59223,전라남도 강진군 강진읍 종합운동장길 60,34.6470779,126.7823691,2021-04-14 08:34:38,2021-07-16 04:55:34,지역,,061-430-3595
147,코로나19 전라남도 영암군 예방접종센터,전라남도,영암군,영암실내체육관,58418,전라남도 영암군 영암읍 영암로 1527,34.7948384,126.6970437,2021-04-14 08:34:39,2021-07-16 04:55:34,지역,,061-470-6578
148,코로나19 전라남도 무안군 예방접종센터,전라남도,무안군,무안종합스포츠파크 실내체육관,58517,전라남도 무안군 현경면 공항로 345,35.0035628,126.4474876,2021-04-14 08:34:39,2021-07-16 04:55:35,지역,,061-450-5110
149,코로나19 전라남도 함평군 예방접종센터,전라남도,함평군,문화체육센터,57145,전라남도 함평군 대동면 함장로 1377,35.0616145,126.5440217,2021-04-14 08:34:39,2021-07-16 04:55:35,지역,,061-320-2419
150,코로나19 전라남도 장성군 예방접종센터,전라남도,장성군,군민회관,57220,전라남도 장성군 장성읍 청운7길 10,35.3044189,126.7857486,2021-04-14 08:34:39,2021-07-16 04:55:35,지역,,061-390-8332
151,코로나19 전라남도 완도군 예방접종센터,전라남도,완도군,농어민문화체육센터,59109,전라남도 완도군 완도읍 개포로 111,34.31595,126.7416771,2021-04-14 08:34:39,2021-07-16 04:55:35,지역,,061-550-6761
152,코로나19 전라남도 진도군 예방접종센터,전라남도,진도군,진도군 실내체육관,58927,전라남도 진도군 진도읍 공설운동장길 57,34.4774916,126.2790744,2021-04-14 08:34:39,2021-07-16 04:55:35,지역,,061-540-6043
153,코로나19 전라남도 신안군 예방접종센터,전라남도,신안군,신안군민체육관,58821,전라남도 신안군 압해읍 복룡로 120,34.8746659,126.3123805,2021-04-14 08:34:39,2021-07-16 04:55:35,지역,,061-240-8816
154,코로나19 경상북도 경주시 예방접종센터,경상북도,경주시,경주실내체육관,38089,경상북도 경주시 황성공원로 29,35.8606452,129.2090805,2021-04-14 08:34:39,2021-07-16 04:55:35,지역,,054-760-2721
155,코로나19 경상북도 문경시 예방접종센터,경상북도,문경시,온누리스포츠센터,36975,경상북도 문경시 점고길21,36.5944296,128.1855802,2021-04-14 08:34:39,2021-07-16 04:55:36,지역,,054-550-8278
156,코로나19 경상북도 경산시 예방접종센터,경상북도,경산시,경산실내체육관,38637,경상북도 경산시 남매로 100,35.8211171,128.7437733,2021-04-14 08:34:39,2021-07-16 04:55:36,지역,,053-810-6317
157,코로나19 경상북도 의성군 예방접종센터,경상북도,의성군,의성실내체육관,37331,경상북도 의성군 의성읍 충효로 88,36.3552754,128.7024706,2021-04-14 08:34:39,2021-07-16 04:55:36,지역,,054-830-6678
158,코로나19 경상북도 청송군 예방접종센터,경상북도,청송군,청송군보건의료원,37433,경상북도 청송군 청송읍 의료원길 19,36.4310215,129.0526302,2021-04-14 08:34:39,2021-07-16 04:55:36,지역,,054-870-7220
159,코로나19 경상북도 봉화군 예방접종센터,경상북도,봉화군,봉화군민회관,36238,경상북도 봉화군 봉화읍 내성로 4길 6-44 ,36.8882148,128.7427865,2021-04-14 08:34:39,2021-07-16 04:55:36,지역,,054-679-6741
160,코로나19 경상남도 창원시 예방접종센터,경상남도,창원시 성산구,창원축구센터 체육관,51460,경상남도 창원시 성산구 비음로 97,35.2237902,128.7071027,2021-04-14 08:34:39,2021-07-16 04:55:37,지역,,055-225-5713
161,코로나19 경상남도 사천시 예방접종센터,경상남도,사천시,민방위교육장,52539,경상남도 사천시 용현면 시청로77,35.0034774,128.0638649,2021-04-14 08:34:40,2021-07-16 04:55:37,지역,,055-831-3624
162,코로나19 경상남도 김해시 예방접종센터,경상남도,김해시,문화체육관,50918,경상남도 김해시 가야의길 98-19,35.2347747,128.8736651,2021-04-14 08:34:40,2021-07-16 04:55:37,지역,,055-350-0487
163,코로나19 경상남도 밀양시 예방접종센터,경상남도,밀양시,밀양문화체육회관,50436,경상남도 밀양시 삼문송림길 25,35.4884187,128.7573635,2021-04-14 08:34:40,2021-07-16 04:55:37,지역,,055-359-6101
164,코로나19 경상남도 거제시 예방접종센터,경상남도,거제시,거제시체육관,53257,경상남도 거제시 계룡로11길 35,34.8821216,128.6171268,2021-04-14 08:34:40,2021-07-16 04:55:37,지역,,055-639-6155
165,코로나19 경상남도 양산시 예방접종센터,경상남도,양산시,양산시 종합운동장 실내체육관,50619,경상남도 양산시 양산대로 849,35.3462487,129.032825,2021-04-14 08:34:40,2021-07-16 04:55:38,지역,,055-392-8721
166,코로나19 경상남도 의령군 예방접종센터,경상남도,의령군,국민체육센터,52151,경상남도 의령군 의령읍 의병로8길 44,35.3156506,128.2570849,2021-04-14 08:34:40,2021-07-16 04:55:38,지역,,055-570-2872
167,코로나19 경상남도 함안군 예방접종센터,경상남도,함안군,함안체육관,52036,경상남도 함안군 가야읍 함안대로 619-4,35.2804082,128.3975962,2021-04-14 08:34:40,2021-07-16 04:55:38,지역,,055-580-3335
168,코로나19 경상남도 창녕군 예방접종센터,경상남도,창녕군,창녕문화예술회관,50317,경상남도 창녕군 창녕읍 우포2로 1189-25,35.5447364,128.4902054,2021-04-14 08:34:40,2021-07-16 04:55:38,지역,,055-530-6277
169,코로나19 경상남도 고성군 예방접종센터,경상남도,고성군,고성군 실내체육관,52931,경상남도 고성군 고성읍 송학고분로 179,34.97859,128.3103261,2021-04-14 08:34:40,2021-07-16 04:55:38,지역,,055-670-4080
170,코로나19 경상남도 남해군 예방접종센터,경상남도,남해군,남해문화센터,52413,경상남도 남해군 남해읍 선소로12,34.8453176,127.899595,2021-04-14 08:34:40,2021-07-16 04:55:38,지역,,055-860-8776
171,코로나19 경상남도 하동군 예방접종센터,경상남도,하동군,하동군보건소,52333,경상남도 하동군 군청로31,35.066775,127.7529875,2021-04-14 08:34:40,2021-07-16 04:55:39,지역,,055-880-6912
172,코로나19 경상남도 산청군 예방접종센터,경상남도,산청군,산청군 실내체육관,52215,경남 산청군 금서면 친환경로2631번길 39,35.4219823,127.8701727,2021-04-14 08:34:40,2021-07-16 04:55:39,지역,,055-970-7548
173,코로나19 경상남도 함양군 예방접종센터,경상남도,함양군,한들생태주차창,676-805,경상남도 함양군 함양읍 용평리 637-1,35.5200078,127.7327652,2021-04-14 08:34:40,2021-07-16 04:55:39,지역,,055-960-8051
174,코로나19 경상남도 거창군 예방접종센터,경상남도,거창군,거창군 스포츠파크 실내체육관,50126,경상남도 거창군 거창읍 양평리 1160,35.6921361,127.9290773,2021-04-14 08:34:41,2021-07-16 04:55:39,지역,,055-940-8333
175,코로나19 경상남도 합천군 예방접종센터,경상남도,합천군,합천체육관,50229,경상남도 합천군 합천읍 장수로 1,35.5615874,128.1534008,2021-04-14 08:34:41,2021-07-16 04:55:39,지역,,055-930-3693
176,코로나19 부산광역시 영도구 예방접종센터,부산광역시,영도구,부산국제크루즈터미널,49111,부산광역시 영도구 해양로301번길 17(동삼동),35.0807621,129.0791563,2021-04-21 08:39:38,2021-07-16 04:55:39,지역,,051-419-6262
177,코로나19 부산광역시 사하구 예방접종센터,부산광역시,사하구,부산교통공사 신평체육관,49431,부산광역시 사하구 하신번영로 175,35.0958093,128.9613786,2021-04-21 08:39:38,2021-07-16 04:55:40,지역,,051-220-0131
178,코로나19 부산광역시 기장군 예방접종센터,부산광역시,기장군,기장체육관 보조경기장,46077,부산광역시 기장군 기장대로 650,35.2519041,129.2240183,2021-04-21 08:39:38,2021-07-16 04:55:40,지역,,051-709-8636
179,코로나19 대구광역시 수성구 예방접종센터,대구광역시,수성구,대구육상진흥센터,42250,대구광역시 수성구 미술관로 88 (삼덕동),35.8282552,128.6792297,2021-04-21 08:39:38,2021-07-16 04:55:40,지역,,053-666-3117
180,코로나19 대구광역시 달성군 예방접종센터,대구광역시,달성군,농협달성유통센터,42945,대구광역시 달성군 화원읍 성천로 9,35.7992908,128.4871823,2021-04-21 08:39:38,2021-07-16 04:55:40,지역,,053-668-3133
181,코로나19 인천광역시 계양구 예방접종센터,인천광역시,계양구,계양아시아드양궁장,21072,인천광역시 계양구 봉오대로 855,37.5339559,126.7480273,2021-04-21 08:39:39,2021-07-16 04:55:40,지역,,032-430-7972
182,코로나19 경기도 남양주시 예방접종센터,경기도,남양주시,진접체육문화센터,12009,경기도 남양주시 진접읍 금강로 1509-24,37.7271583,127.189713,2021-04-21 08:39:39,2021-07-16 04:55:40,지역,,031-579-6763
183,코로나19 경기도 수원시 권선구 예방접종센터,경기도,수원시 권선구,정현 중보들 테니스 센터,16648,경기도 수원시 권선구 오목천로 270,37.2475761,126.9895474,2021-04-21 08:39:39,2021-07-16 04:55:40,지역,,031-228-3701
184,코로나19 경기도 연천군 예방접종센터,경기도,연천군,연천군보건의료원 대회의실,11027,경기도 연천군 전곡읍 은대성로95,38.0234715,127.060977,2021-04-21 08:39:39,2021-07-16 04:55:41,지역,,031-839-4067
185,코로나19 강원도 양양군 예방접종센터,강원도,양양군,일출예식장,25024,강원도 양양군 양양읍 양양로 114-5,38.0741886,128.616466,2021-04-21 08:39:39,2021-07-16 04:55:41,지역,,033-670-2221
186,코로나19 충청북도 영동군 예방접종센터,충청북도,영동군,영동군보건소,29150,충청북도 영동군 반곡동길 7,36.1684925,127.7759961,2021-04-21 08:39:39,2021-07-16 04:55:41,지역,,043-740-5590 
187,코로나19 충청북도 단양군 예방접종센터,충청북도,단양군,다목적체육관,27010,충청북도 단양군 단양읍 별곡3로19,36.9874322,128.3649418,2021-04-21 08:39:39,2021-07-16 04:55:41,지역,,043-420-2872 
188,코로나19 충청남도 계룡시 예방접종센터,충청남도,계룡시,계룡시민체육관,32829,충청남도 계룡시 엄사면 문화1로51,36.2697923,127.2332687,2021-04-21 08:39:39,2021-07-16 04:55:41,지역,,042-840-3523
189,코로나19 충청남도 금산군 예방접종센터,충청남도,금산군,금산종합체육관,32745,충청남도 금산군 금산읍 사직로 20,36.1015457,127.478921,2021-04-21 08:39:39,2021-07-16 04:55:41,지역,,041-750-4332
190,코로나19 충청남도 청양군 예방접종센터,충청남도,청양군,청양다목적체육관,33340,충청남도 청양군 청양읍 충절로 1199,36.4530793,126.79263,2021-04-21 08:39:39,2021-07-16 04:55:42,지역,,041-940-4807
191,코로나19 충청남도 홍성군 예방접종센터,충청남도,홍성군,홍주문화체육센터,32216,충청남도 홍성군 홍성읍 홍덕서로 78,36.6081813,126.641707,2021-04-21 08:39:39,2021-07-16 04:55:42,지역,,041-630-9042
192,코로나19 전라북도 김제시 예방접종센터,전라북도,김제시,김제시체육관,54368,전라북도 김제시 도작로 224-98,35.814521,126.9018012,2021-04-21 08:39:39,2021-07-16 04:55:42,지역,,063-540-1320
193,코로나19 전라북도 완주군 예방접종센터,전라북도,완주군,문화체육센터,55333,전라북도 완주군 삼례읍 삼봉로 215,35.9199139,127.0933802,2021-04-21 08:39:39,2021-07-16 04:55:42,지역,,063-290-3021
194,코로나19 전라북도 장수군 예방접종센터,전라북도,장수군,한누리전당 산디관,55638,전라북도 장수군 장수읍 한누리로 393,35.6410784,127.5181926,2021-04-21 08:39:39,2021-07-16 04:55:42,지역,,063-350-2660
195,코로나19 전라북도 임실군 예방접종센터,전라북도,임실군,군민회관,55927,전라북도 임실군 임실읍 호국로 1703,35.6149021,127.2871073,2021-04-21 08:39:40,2021-07-16 04:55:42,지역,,063-640-3174
196,코로나19 전라북도 순창군 예방접종센터,전라북도,순창군,장애인체육관,56033,전라북도 순창군 장류로 407-11,35.3773218,127.1474764,2021-04-21 08:39:40,2021-07-16 04:55:43,지역,,063-650-5211
197,코로나19 전라북도 부안군 예방접종센터,전라북도,부안군,예술회관,56311,전라북도 부안군 부안읍 예술회관길 11,35.7243663,126.7254977,2021-04-21 08:39:40,2021-07-16 04:55:43,지역,,063-580-3046
198,코로나19 경상북도 김천시 예방접종센터,경상북도,김천시,국민체육센터,39524,경상북도 김천시 운동장길 1,36.1449869,128.0886473,2021-04-21 08:39:40,2021-07-16 04:55:43,지역,,054-421-2715
199,코로나19 경상북도 영주시 예방접종센터,경상북도,영주시,영주국민체육센터,36140,경상북도 영주시 가흥로109,36.806657,128.6066604,2021-04-21 08:39:40,2021-07-16 04:55:43,지역,,054-639-5776
200,코로나19 경상북도 상주시 예방접종센터,경상북도,상주시,상주시 실내체육관 구관,37159,경상북도 상주시 북상주로 24-7,36.43161,128.162938,2021-04-21 08:39:40,2021-07-16 04:55:44,지역,,054-537-6582
201,코로나19 경상북도 영덕군 예방접종센터,경상북도,영덕군,영덕국민체육센터,36427,경상북도 영덕군 영덕읍 강변길 290,36.4178093,129.365543,2021-04-21 08:39:40,2021-07-16 04:55:44,지역,,054-730-6853
202,코로나19 경상북도 예천군 예방접종센터,경상북도,예천군,국민체육센터,36826,경상북도 예천군 예천읍 충효로 111 ,36.6464943,128.4364739,2021-04-21 08:39:40,2021-07-16 04:55:44,지역,,054-650-8051
203,코로나19 경상남도 창원시 진해구 예방접종센터,경상남도,창원시 진해구,진해종합사회복지관,51629,경상남도 창원시 진해구 진해대로 1101,35.1341853,128.7106363,2021-04-21 08:39:40,2021-07-16 04:55:45,지역,,055-225-6492
204,코로나19 제주특별자치도 서귀포시 예방접종센터,제주특별자치도,서귀포시,서귀포의료원((舊)건강증진센터),63585,제주특별자치도 서귀포시 장수로 47,33.2555355,126.5639216,2021-04-21 08:39:40,2021-07-16 04:55:45,지역,,064-760-6085
205,코로나19 서울특별시 강남구 예방접종센터,서울특별시,강남구,강남관광정보센터,06001,서울특별시 강남구 압구정로 161,37.5268288,127.0270865,2021-04-28 08:13:27,2021-07-16 04:55:45,지역,,02-3423-5162
206,코로나19 부산광역시 서구 예방접종센터,부산광역시,서구,서구가족센터,49252,부산광역시 서구 구덕로 127,35.0963326,129.0220581,2021-04-28 08:13:28,2021-07-16 04:55:46,지역,,051-290-5322
207,코로나19 부산광역시 해운대구 예방접종센터,부산광역시,해운대구,해운대구 문화복합센터,48049,부산광역시 해운대구 센텀중앙로 170,35.1821442,129.1214911,2021-04-28 08:13:28,2021-07-16 04:55:46,지역,,051-749-1657
208,코로나19 부산광역시 사상구 예방접종센터,부산광역시,사상구,보훈병원 체육관,46996,부산광역시 사상구 백양대로 420(주례동),35.153407,129.0082,2021-04-28 08:13:28,2021-07-16 04:55:46,지역,,070-8826-0939
209,코로나19 부산광역시 중구 예방접종센터,부산광역시,중구,가톨릭센터,48968,부산광역시 중구 중구로 71,35.1043073,129.0285284,2021-04-28 08:13:28,2021-07-16 04:55:47,지역,,051-600-4102
210,코로나19 부산광역시 동구 예방접종센터,부산광역시,동구,부산진역 공터,601-030,부산광역시 동구 수정동 79-711,35.1285274,129.0490413,2021-04-28 08:13:28,2021-07-16 04:55:47,지역,,051-440-6460
211,코로나19 부산광역시 동래구 예방접종센터,부산광역시,동래구,사직실내체육관,47874,부산광역시 동래구 사직로 55-32,35.1920417,129.0606889,2021-04-28 08:13:28,2021-07-16 04:55:47,지역,,051-550-4981
212,코로나19 부산광역시 강서구 예방접종센터,부산광역시,강서구,강서체육공원,46703,부산광역시 강서구 체육공원로 43,35.2101433,128.9722029,2021-04-28 08:13:28,2021-07-16 04:55:47,지역,,051-970-2806
213,코로나19 부산광역시 연제구 예방접종센터,부산광역시,연제구,연제구 국민체육센터,47579,부산광역시 연제구 쌍미천로 132,35.1842151,129.0874305,2021-04-28 08:13:28,2021-07-16 04:55:47,지역,,051-665-5372
214,코로나19 부산광역시 수영구 예방접종센터,부산광역시,수영구,수영구 국민체육센터,48264,부산광역시 수영구 수영로521번길 77,35.1529382,129.1074595,2021-04-28 08:13:29,2021-07-16 04:55:48,지역,,051-610-5603
215,코로나19 대구광역시 남구 예방접종센터,대구광역시,남구,대덕문화전당,42501,대구광역시 남구 앞산순환로 478,35.8313,128.576875,2021-04-28 08:13:29,2021-07-16 04:55:48,지역,,053-664-3497
216,코로나19 대구광역시 달서구 예방접종센터,대구광역시,달서구,월배국민체육센터,42829,대구광역시 달서구 갈밭남로 76,35.8015536,128.535892,2021-04-28 08:13:29,2021-07-16 04:55:48,지역,,053-667-2225
217,코로나19 인천광역시 중구 예방접종센터,인천광역시,중구,하늘문화센터,22379,인천광역시 중구 영종해안북로 1000-26,37.4959954,126.4719929,2021-04-28 08:13:29,2021-07-16 04:55:48,지역,,032-760-6022
218,코로나19 인천광역시 미추홀구 예방접종센터,인천광역시,미추홀구,인천대학교 제물포캠퍼스 예체능관,22100,인천광역시 미추홀구 석정로 165,37.4712917,126.65915,2021-04-28 08:13:29,2021-07-16 04:55:48,지역,,032-880-5702
219,코로나19 인천광역시 남동구 예방접종센터,인천광역시,남동구,길병원,21565,인천광역시 남동구 독점로29번길 16,37.4526129,126.7100036,2021-04-28 08:13:29,2021-07-16 04:55:48,지역,,032-453-5658
220,코로나19 인천광역시 서구 예방접종센터,인천광역시,서구,검단복지회관,22633,인천광역시 서구 완정로92번길 18,37.600394,126.666375,2021-04-28 08:13:29,2021-07-16 04:55:49,지역,,032-560-5053
221,코로나19 인천광역시 옹진군 예방접종센터,인천광역시,옹진군,옹진국민체육센터,23119,인천광역시 옹진군 영흥면 영흥로 348번길 175-29,37.2601125,126.4722172,2021-04-28 08:13:30,2021-07-16 04:55:49,지역,,032-899-3130
222,코로나19 경기도 동두천시 예방접종센터,경기도,동두천시,동두천시 시민회관,11340,경기도 동두천시 어수로4(상패동),37.9052419,127.0430468,2021-04-28 08:13:30,2021-07-16 04:55:49,지역,,031-860-2634
223,코로나19 경기도 오산시 예방접종센터,경기도,오산시,오산스포츠센터,18131,경기도 오산시 경기동로 33,37.1586968,127.0756636,2021-04-28 08:13:30,2021-07-16 04:55:49,지역,,031-8036-6057
224,코로나19 경기도 양주시 예방접종센터,경기도,양주시,경기섬유종합지원센터 ,11497,경기도 양주시 평화로1215,37.7991099,127.0451659,2021-04-28 08:13:30,2021-07-16 04:55:50,지역,,031-8082-7157
225,코로나19 경기도 수원시 장안구 예방접종센터,경기도,수원시 장안구,수원종합운동장 국민체육센터,16308,경기도 수원시 장안구 경수대로 893,37.2974488,127.0094971,2021-04-28 08:13:30,2021-07-16 04:55:50,지역,,031-228-3737
226,코로나19 경기도 수원시 팔달구 예방접종센터,경기도,수원시 팔달구,청소년문화센터 꿈의 체육관,16486,경기도 수원시 팔달구 권광로 293,37.2739402,127.0349868,2021-04-28 08:13:30,2021-07-16 04:55:50,지역,,031-228-3701
227,코로나19 경기도 화성시 예방접종센터,경기도,화성시,화성종합경기타운,18588,경기도 화성시 향남읍 향남로 470,37.1373255,126.924674,2021-04-28 08:13:30,2021-07-16 04:55:50,지역,,031-5189-6205
228,코로나19 경기도 성남시 수정구 예방접종센터,경기도,성남시 수정구,수정커뮤니티센터,13327,경기도 성남시 수정구 탄리로 59,37.441001,127.1359321,2021-04-28 08:13:31,2021-07-16 04:55:50,지역,,031-729-3843
229,코로나19 경기도 성남시 중원구 예방접종센터,경기도,성남시 중원구,성남종합스포츠센터 다목적체육관,13363,경기도 성남시 중원구 제일로 60,37.4315658,127.1380368,2021-04-28 08:13:31,2021-07-16 04:55:50,지역,,031-729-3901
230,코로나19 경기도 안산시 상록구 예방접종센터,경기도,안산시 상록구,감골시민홀체육관,15620,경기도 안산시 상록구 석호로226,37.2933981,126.8553523,2021-04-28 08:13:31,2021-07-16 04:55:50,지역,,031-369-1734
231,코로나19 경기도 안성시 예방접종센터,경기도,안성시,경기도의료원 안성병원,17568,경기도 안성시 남파로 95,37.0173531,127.2603668,2021-04-28 08:13:31,2021-07-16 04:55:51,지역,,031-678-5913
232,코로나19 경기도 용인시 수지구 예방접종센터,경기도,용인시 수지구,수지구청 대회의실,16835,경기도 용인시 수지구 포은대로 435,37.3222422,127.0977799,2021-04-28 08:13:31,2021-07-16 04:55:51,지역,,031-324-8477
233,코로나19 경기도 용인시 기흥구 예방접종센터,경기도,용인시 기흥구,(舊)경찰대 실내체육관,16912,경기도 용인시 기흥구 언남로 74,37.2951527,127.1337666,2021-04-28 08:13:31,2021-07-16 04:55:51,지역,,031-324-6083
234,코로나19 경기도 고양시 일산서구 예방접종센터,경기도,고양시 일산서구,고양체육관,10223,경기도 고양시 일산서구 중앙로 1601,37.674541,126.7417719,2021-04-28 08:13:31,2021-07-16 04:55:51,지역,,031-8075-9441
235,코로나19 경기도 시흥시 예방접종센터,경기도,시흥시,시흥시체육관,14902,경기도 시흥시 서해안로 1589,37.4477283,126.7848191,2021-04-28 08:13:31,2021-07-16 04:55:51,지역,,031-310-5851
236,코로나19 경기도 김포시 예방접종센터,경기도,김포시,김포생활체육관,10068,경기도 김포시 김포한강8로 198-3,37.6404091,126.6447177,2021-04-28 08:13:31,2021-07-16 04:55:52,지역,,031-5186-8300
237,코로나19 경기도 평택시 예방접종센터,경기도,평택시,평택시청소년문화센터 실내체육관,17903,경기도 평택시 평남로 616,36.9883736,127.1093198,2021-04-28 08:13:32,2021-07-16 04:55:52,지역,,031-8024-4336
238,코로나19 경기도 과천시 예방접종센터,경기도,과천시,청소년수련관 실내체육관,13828,경기도 과천시 참마을로9,37.4264782,127.000878,2021-04-28 08:13:32,2021-07-16 04:55:52,지역,,02-2150-3155
239,코로나19 경기도 가평군 예방접종센터,경기도,가평군,가평체육관,12416,경기도 가평군 가평읍 문화로 131,37.8236992,127.506962,2021-04-28 08:13:32,2021-07-16 04:55:52,지역,,031-580-4371
240,코로나19 강원도 홍천군 예방접종센터,강원도,홍천군,홍천군민스포츠센터,25126,강원도 홍천군 홍천읍 태학리 310-3,37.7066843,127.9070191,2021-04-28 08:13:32,2021-07-16 04:55:52,지역,,033-430-4028
241,코로나19 강원도 횡성군 예방접종센터,강원도,횡성군,횡성농민문화체육센터,25216,강원도 횡성군  문화체육로 57,37.4960871,127.9891498,2021-04-28 08:13:32,2021-07-16 04:55:53,지역,,033-340-5648
242,코로나19 강원도 철원군 예방접종센터,강원도,철원군,갈말게이트볼장,24032,강원도 철원군 갈말읍 갈말로53-1,38.1601262,127.303393,2021-04-28 08:13:32,2021-07-16 04:55:53,지역,,033-450-4115
243,코로나19 강원도 화천군 예방접종센터,강원도,화천군,화천체육관,24140,강원도 화천군 하남면 춘화로 3351,38.09847,127.706018,2021-04-28 08:13:32,2021-07-16 04:55:53,지역,,033-440-2813
244,코로나19 강원도 양구군 예방접종센터,강원도,양구군,양구문예회관,24521,강원도 양구군 양구읍 비봉로73번길 52-1,38.1094228,127.9838505,2021-04-28 08:13:32,2021-07-16 04:55:53,지역,,033-480-2806
245,코로나19 충청북도 청주시 청원구 예방접종센터,충청북도,청주시 청원구,청주시장애인스포츠센터,28353,충청북도 청주시 청원구 사천로18번길81,36.6787376,127.4780619,2021-04-28 08:13:32,2021-07-16 04:55:53,지역,,043-201-0937
246,코로나19 충청북도 보은군 예방접종센터,충청북도,보은군,보은군보건소,28943,충청북도 보은군 보은읍 동광길 50,36.486794,127.7161667,2021-04-28 08:13:33,2021-07-16 04:55:53,지역,,043-540-5726
247,코로나19 충청북도 증평군 예방접종센터,충청북도,증평군,증평청소년수련관,27948,충청북도 증평군 증평읍 보건복지로 64-2,36.7737834,127.5847079,2021-04-28 08:13:33,2021-07-16 04:55:54,지역,,043-835-4225
248,코로나19 충청북도 진천군 예방접종센터,충청북도,진천군,진천화랑관,27841,충청북도 진천군 진천읍 문화로 69-4,36.8493237,127.4400875,2021-04-28 08:13:33,2021-07-16 04:55:54,지역,,043-539-7328
249,코로나19 충청북도 괴산군 예방접종센터,충청북도,괴산군,괴산문화체육센터,28026,충청북도 괴산군 임꺽정로 99-9,36.8138185,127.7860918,2021-04-28 08:13:33,2021-07-16 04:55:54,지역,,043-830-2307
250,코로나19 전라북도 무주군 예방접종센터,전라북도,무주군,무주예체문화관,55514,전라북도 무주군 무주읍 한풍루로 326-17,36.0022942,127.6625497,2021-04-28 08:13:33,2021-07-16 04:55:54,지역,,063-320-8103
251,코로나19 경상북도 구미시 예방접종센터,경상북도,구미시,금오산 올림핌기념 국민생활관,39305,경상북도 구미시 산책길 63,36.1234321,128.3293625,2021-04-28 08:13:33,2021-07-16 04:55:54,지역,,054-480-4043
252,코로나19 경상북도 군위군 예방접종센터,경상북도,군위군,군위국민체육센터 ,39013,경상북도 군위군 군위읍 군청로 158,36.2371596,128.5739375,2021-04-28 08:13:33,2021-07-16 04:55:54,지역,,054-380-7440
253,코로나19 경상북도 영양군 예방접종센터,경상북도,영양군,영양군민회관,36540,경상북도 영양군 영양읍 군민회관길 46,36.6597572,129.1169625,2021-04-28 08:13:33,2021-07-16 04:55:55,지역,,054-680-5123
254,코로나19 경상북도 청도군 예방접종센터,경상북도,청도군,청도국민체육센터,38333,경상북도 청도군 화양읍 청려로 1846,35.6485275,128.7174331,2021-04-28 08:13:34,2021-07-16 04:55:55,지역,,054-370-2646
255,코로나19 경상북도 성주군 예방접종센터,경상북도,성주군,성주체육관,40030,경상북도 성주군 성주읍 성주로 3257,35.918242,128.2901752,2021-04-28 08:13:34,2021-07-16 04:55:55,지역,,054-930-8273
256,코로나19 경상북도 울진군 예방접종센터,경상북도,울진군,울진군민체육관,36324,경상북도 울진군 울진읍 연호로 47,36.9946096,129.4066048,2021-04-28 08:13:34,2021-07-16 04:55:55,지역,,054-789-5032
257,코로나19 경상북도 울릉군 예방접종센터,경상북도,울릉군,울릉군보건의료원,40217,경상북도 울릉군 울릉읍 울릉순환로 396-18,37.4858676,130.8995244,2021-04-28 08:13:34,2021-07-16 04:55:55,지역,,054-790-6832
258,코로나19 서울특별시 은평구 예방접종센터,서울특별시,은평구,은평다목적체육관,03311,서울특별시 은평구 진관1로 40,37.6312156,126.9252476,2021-05-06 01:56:17,2021-07-16 04:55:55,지역,,02-351-6187
259,코로나19 서울특별시 강서구 예방접종센터,서울특별시,강서구,(舊)염강초등학교 체육관,07531,서울특별시 강서구 허준로 221-22(가양동),37.56097,126.8649297,2021-05-06 01:56:17,2021-07-16 04:55:56,지역,,02-2600-6119
260,코로나19 서울특별시 노원구 예방접종센터,서울특별시,노원구,월계문화체육센터,01884,서울특별시 노원구 월계로 298,37.6266706,127.0547125,2021-05-06 01:56:17,2021-07-16 04:55:56,지역,,02-2116-3084
261,코로나19 전라남도 무안군 예방접종센터,전라남도,무안군,남악주민다목적생활체육관,58578,전라남도 무안군 삼향읍 남악로 327,34.8059052,126.475479,2021-05-06 01:56:17,2021-07-16 04:55:56,지역,,061-450-5112
262,코로나19 경기도 부천시 예방접종센터,경기도,부천시,송내사회체육관,14726,"경기도 부천시 경인로 120번길, 45",37.4820476,126.7689255,2021-05-12 05:32:05,2021-07-16 04:55:56,지역,,032-625-4269
263,코로나19 울산광역시 울주군 예방접종센터,울산광역시,울주군,남부통합보건지소,44969,울산광역시 울주군 온양읍 터실1길 13,35.4553083,129.2907,2021-05-12 05:32:05,2021-07-16 04:55:56,지역,,052-204-2821
264,코로나19 서울특별시 영등포구 예방접종센터,서울특별시,영등포구,영등포제1스포츠센터,07398,서울특별시 영등포구 신풍로 1,37.500466,126.9063045,2021-05-26 07:16:34,2021-07-16 04:55:56,지역,,02-2670-3314
265,코로나19 서울특별시 구로구 예방접종센터,서울특별시,구로구,오류문화센터,08272,서울특별시 구로구 경인로20가길 38,37.4954502,126.8460411,2021-05-26 07:16:34,2021-07-16 04:55:56,지역,,02-860-3304
266,코로나19 서울특별시 송파구 예방접종센터,서울특별시,송파구,송파구민회관,05584,서울특별시 송파구 백제고분로 242,37.5021377,127.0932121,2021-06-02 07:32:46,2021-07-16 04:55:57,지역,,02-2147-2131
267,코로나19 인천광역시 남동구 예방접종센터,인천광역시,남동구,남동다목적실내체육관,21599,인천광역시 남동구 소래로 540,37.43718,126.7359446,2021-06-02 07:32:47,2021-07-16 04:55:57,지역,,032-453-5128
268,코로나19 경상남도 김해시 예방접종센터,경상남도,김해시,율하체육관,51016,경상남도 김해시 율하2로 258,35.1786639,128.8214532,2021-06-02 07:32:47,2021-07-16 04:55:57,지역,,055-350-0486
269,코로나19 전라북도 전주시 예방접종센터,전라북도,전주시 덕진구,덕진보건소,54909,전라북도 전주시 덕진구 우아1길 20,35.8484765,127.1550561,2021-06-11 08:43:09,2021-07-16 04:55:57,지역,,063-247-8969
270,코로나19 서울특별시 광진구 예방접종센터,서울특별시,광진구,중곡문화체육센터,04904,서울특별시 광진구 능동로 433,37.5678583,127.0849125,2021-07-02 01:27:32,2021-07-16 04:55:57,지역,,02-450-7102
271,코로나19 서울특별시 중랑구 예방접종센터,서울특별시,중랑구,중랑구청,02043,서울특별시 중랑구 봉화산로 179,37.6063242,127.0925842,2021-07-02 01:27:32,2021-07-16 04:55:57,지역,,02-2094-2943
272,코로나19 서울특별시 성북구 예방접종센터,서울특별시,성북구,종암박스파크,136-864,서울특별시 성북구 화랑로 6,37.6031426,127.0325161,2021-07-02 01:27:32,2021-07-16 04:55:57,지역,,02-2241-2623
273,코로나19 서울특별시 도봉구 예방접종센터,서울특별시,도봉구,도봉구청,01331,서울특별시 도봉구 마들로 656,37.668768,127.047163,2021-07-02 01:27:33,2021-07-16 04:55:57,지역,,02-2091-2102
274,코로나19 서울특별시 서대문구 예방접종센터,서울특별시,서대문구,서대문구청 6층 대강당,03718,서울특별시 서대문구 연희로 248,37.579225,126.9368,2021-07-02 01:27:33,2021-07-16 04:55:58,지역,,02-330-1065
275,코로나19 서울특별시 마포구 예방접종센터,서울특별시,마포구,마포아트센터(2층 체육관),04136, 서울특별시 마포구 대흥로20길 28,37.5498966,126.9455362,2021-07-02 01:27:33,2021-07-16 04:55:58,지역,,02-3153-6332
276,코로나19 서울특별시 양천구 예방접종센터,서울특별시,양천구,건강힐링문화관,08069,서울특별시 양천구 남부순환로83길 54,37.5177402,126.8458552,2021-07-02 01:27:33,2021-07-16 04:55:58,지역,,02-2620-3058
277,코로나19 서울특별시 동작구 예방접종센터,서울특별시,동작구,동작구민체육센터,07062,서울특별시 여의대방로16길 53,37.4947346,126.916825,2021-07-02 01:27:33,2021-07-16 04:55:58,지역,,02-820-1965
278,코로나19 서울특별시 관악구 예방접종센터,서울특별시,관악구,관악구민방위교육장,08866,서울특별시 관악구 문성로16다길 135,37.4692972,126.9112682,2021-07-02 01:27:33,2021-07-16 04:55:58,지역,,02-879-5154
279,코로나19 서울특별시 강동구 예방접종센터,서울특별시,강동구,온조대왕 문화체육관,05225,서울특별시 강동구 고덕로 285,37.5567379,127.1574722,2021-07-02 01:27:33,2021-07-16 04:55:59,지역,,02-3425-5093
280,코로나19 충청북도 청주시 흥덕구 예방접종센터,충청북도,청주시 흥덕구,(舊)흥덕구청,28426,충청북도 청주시 흥덕구 대농로 88,36.6414648,127.431531,2021-07-02 01:27:34,2021-07-16 04:55:59,지역,,043-201-0999 
281,코로나19 경기도 파주시 예방접종센터,경기도,파주시,운정행복센터,10894,경기도 파주시 와석순환로 415,37.7242066,126.7513156,2021-07-15 00:25:54,2021-07-16 04:55:59,지역,,031-940-5597
282,코로나19 경기도 남양주시 예방접종센터,경기도,남양주시,화도체육문화센터,12178,경기도 남양주시 화도읍 수레로 1259,37.6498487,127.301275,2021-07-16 04:55:59,2021-07-16 04:55:59,지역,,031-590-2598
283,코로나19 경기도 시흥시 예방접종센터,경기도,시흥시,시흥국민체육센터,14976,경기도 시흥시 하중로 226,37.3916531,126.8053548,2021-07-16 04:55:59,2021-07-16 04:55:59,지역,,031-310-6822
284,코로나19 충청남도 당진시 예방접종센터,충청남도,당진시,국민체육센터,31772,충청남도 당진시 시청1로 30,36.8936392,126.6443718,2021-07-16 04:56:00,2021-07-16 04:56:00,지역,,041-360-6138
