<?xml version="1.0" encoding="UTF-8" standalone="yes"?>
<response>
    <header>
        <resultCode>00</resultCode>
        <resultMsg>NORMAL SERVICE.</resultMsg>
    </header>
    <body>
        <items>
            <item>
                <accDefRate>0.9624159901</accDefRate>
                <accExamCnt>1431316</accExamCnt>
                <accExamCompCnt>1408019</accExamCompCnt>
                <careCnt>941</careCnt>
                <clearCnt>12348</clearCnt>
                <createDt>2020-07-15 10:38:15.15</createDt>
                <deathCnt>289</deathCnt>
                <decideCnt>13551</decideCnt>
                <examCnt>23297</examCnt>
                <resutlNegCnt>1394468</resutlNegCnt>
                <seq>200</seq>
                <stateDt>20200715</stateDt>
                <stateTime>00:00</stateTime>
                <updateDt>2020-07-15 10:38:15.15</updateDt>
            </item>
            <item>
                <accDefRate>0.9676816390</accDefRate>
                <accExamCnt>1420616</accExamCnt>
                <accExamCompCnt>1396327</accExamCompCnt>
                <careCnt>986</careCnt>
                <clearCnt>12282</clearCnt>
                <createDt>2020-07-14 10:42:52.52</createDt>
                <deathCnt>289</deathCnt>
                <decideCnt>13512</decideCnt>
                <examCnt>24289</examCnt>
                <resutlNegCnt>1382815</resutlNegCnt>
                <seq>199</seq>
                <stateDt>20200714</stateDt>
                <stateTime>00:00</stateTime>
                <updateDt>2020-07-14 10:42:52.52</updateDt>
            </item>
            <item>
                <accDefRate>0.9721832542</accDefRate>
                <accExamCnt>1408312</accExamCnt>
                <accExamCompCnt>1386467</accExamCompCnt>
                <careCnt>950</careCnt>
                <clearCnt>12204</clearCnt>
                <createDt>2020-07-13 10:20:52.52</createDt>
                <deathCnt>289</deathCnt>
                <decideCnt>13479</decideCnt>
                <examCnt>21845</examCnt>
                <resutlNegCnt>1372988</resutlNegCnt>
                <seq>198</seq>
                <stateDt>20200713</stateDt>
                <stateTime>00:00</stateTime>
                <updateDt>2020-07-13 10:20:52.52</updateDt>
            </item>
            <item>
                <accDefRate>0.9720252058</accDefRate>
                <accExamCnt>1402144</accExamCnt>
                <accExamCompCnt>1380314</accExamCompCnt>
                <careCnt>941</careCnt>
                <clearCnt>12178</clearCnt>
                <createDt>2020-07-12 10:21:53.53</createDt>
                <deathCnt>289</deathCnt>
                <decideCnt>13417</decideCnt>
                <examCnt>21830</examCnt>
                <resutlNegCnt>1366897</resutlNegCnt>
                <seq>197</seq>
                <stateDt>20200712</stateDt>
                <stateTime>00:00</stateTime>
                <updateDt>2020-07-12 10:21:53.53</updateDt>
            </item>
            <item>
                <accDefRate>0.9732960405</accDefRate>
                <accExamCnt>1396941</accExamCnt>
                <accExamCompCnt>1373991</accExamCompCnt>
                <careCnt>985</careCnt>
                <clearCnt>12144</clearCnt>
                <createDt>2020-07-11 10:24:20.20</createDt>
                <deathCnt>288</deathCnt>
                <decideCnt>13373</decideCnt>
                <examCnt>22950</examCnt>
                <resutlNegCnt>1360618</resutlNegCnt>
                <seq>196</seq>
                <stateDt>20200711</stateDt>
                <stateTime>00:00</stateTime>
                <updateDt>2020-07-11 10:24:20.20</updateDt>
            </item>
            <item>
                <accDefRate>0.9797533795</accDefRate>
                <accExamCnt>1384890</accExamCnt>
                <accExamCompCnt>1361363</accExamCompCnt>
                <careCnt>987</careCnt>
                <clearCnt>12065</clearCnt>
                <createDt>2020-07-10 10:16:35.35</createDt>
                <deathCnt>288</deathCnt>
                <decideCnt>13338</decideCnt>
                <examCnt>23527</examCnt>
                <resutlNegCnt>1348025</resutlNegCnt>
                <seq>195</seq>
                <stateDt>20200710</stateDt>
                <stateTime>00:00</stateTime>
                <updateDt>2020-07-10 10:16:35.35</updateDt>
            </item>
            <item>
                <accDefRate>0.9862307555</accDefRate>
                <accExamCnt>1371771</accExamCnt>
                <accExamCompCnt>1347859</accExamCompCnt>
                <careCnt>988</careCnt>
                <clearCnt>12019</clearCnt>
                <createDt>2020-07-09 10:50:30.30</createDt>
                <deathCnt>287</deathCnt>
                <decideCnt>13293</decideCnt>
                <examCnt>23912</examCnt>
                <resutlNegCnt>1334566</resutlNegCnt>
                <seq>194</seq>
                <stateDt>20200709</stateDt>
                <stateTime>00:00</stateTime>
                <updateDt>2020-07-09 10:50:30.30</updateDt>
            </item>
            <item>
                <accDefRate>0.9914488194</accDefRate>
                <accExamCnt>1359734</accExamCnt>
                <accExamCompCnt>1335722</accExamCompCnt>
                <careCnt>982</careCnt>
                <clearCnt>11970</clearCnt>
                <createDt>2020-07-08 10:19:47.47</createDt>
                <deathCnt>285</deathCnt>
                <decideCnt>13243</decideCnt>
                <examCnt>24012</examCnt>
                <resutlNegCnt>1322479</resutlNegCnt>
                <seq>193</seq>
                <stateDt>20200708</stateDt>
                <stateTime>00:00</stateTime>
                <updateDt>2020-07-08 10:19:47.47</updateDt>
            </item>
            <item>
                <accDefRate>0.9966586491</accDefRate>
                <accExamCnt>1346194</accExamCnt>
                <accExamCompCnt>1322519</accExamCompCnt>
                <careCnt>1005</careCnt>
                <clearCnt>11914</clearCnt>
                <createDt>2020-07-07 10:15:15.15</createDt>
                <deathCnt>285</deathCnt>
                <decideCnt>13181</decideCnt>
                <examCnt>23675</examCnt>
                <resutlNegCnt>1309338</resutlNegCnt>
                <seq>192</seq>
                <stateDt>20200707</stateDt>
                <stateTime>00:00</stateTime>
                <updateDt>2020-07-07 10:15:15.15</updateDt>
            </item>
            <item>
                <accDefRate>1.0024387563</accDefRate>
                <accExamCnt>1331796</accExamCnt>
                <accExamCompCnt>1310504</accExamCompCnt>
                <careCnt>974</careCnt>
                <clearCnt>11848</clearCnt>
                <createDt>2020-07-06 10:42:20.20</createDt>
                <deathCnt>284</deathCnt>
                <decideCnt>13137</decideCnt>
                <examCnt>21292</examCnt>
                <resutlNegCnt>1297367</resutlNegCnt>
                <seq>191</seq>
                <stateDt>20200706</stateDt>
                <stateTime>00:00</stateTime>
                <updateDt>2020-07-06 10:42:20.20</updateDt>
            </item>
            <item>
                <accDefRate>1.0034452463</accDefRate>
                <accExamCnt>1326055</accExamCnt>
                <accExamCompCnt>1304406</accExamCompCnt>
                <careCnt>934</careCnt>
                <clearCnt>11832</clearCnt>
                <createDt>2020-07-05 10:25:26.26</createDt>
                <deathCnt>283</deathCnt>
                <decideCnt>13089</decideCnt>
                <examCnt>21649</examCnt>
                <resutlNegCnt>1291317</resutlNegCnt>
                <seq>190</seq>
                <stateDt>20200705</stateDt>
                <stateTime>00:00</stateTime>
                <updateDt>2020-07-05 10:25:26.26</updateDt>
            </item>
            <item>
                <accDefRate>1.0043169904</accDefRate>
                <accExamCnt>1319521</accExamCnt>
                <accExamCompCnt>1297200</accExamCompCnt>
                <careCnt>924</careCnt>
                <clearCnt>11811</clearCnt>
                <createDt>2020-07-04 10:13:42.42</createDt>
                <deathCnt>283</deathCnt>
                <decideCnt>13028</decideCnt>
                <examCnt>22321</examCnt>
                <resutlNegCnt>1284172</resutlNegCnt>
                <seq>189</seq>
                <stateDt>20200704</stateDt>
                <stateTime>00:00</stateTime>
                <updateDt>2020-07-04 10:13:42.42</updateDt>
            </item>
            <item>
                <accDefRate>1.0080073021</accDefRate>
                <accExamCnt>1307761</accExamCnt>
                <accExamCompCnt>1286201</accExamCompCnt>
                <careCnt>938</careCnt>
                <clearCnt>11759</clearCnt>
                <createDt>2020-07-03 10:19:08.08</createDt>
                <deathCnt>282</deathCnt>
                <decideCnt>12965</decideCnt>
                <examCnt>21560</examCnt>
                <resutlNegCnt>1273236</resutlNegCnt>
                <seq>188</seq>
                <stateDt>20200703</stateDt>
                <stateTime>00:00</stateTime>
                <updateDt>2020-07-03 10:19:08.08</updateDt>
            </item>
            <item>
                <accDefRate>1.0111426287</accDefRate>
                <accExamCnt>1295962</accExamCnt>
                <accExamCompCnt>1276180</accExamCompCnt>
                <careCnt>955</careCnt>
                <clearCnt>11684</clearCnt>
                <createDt>2020-07-02 10:27:03.03</createDt>
                <deathCnt>282</deathCnt>
                <decideCnt>12904</decideCnt>
                <examCnt>19782</examCnt>
                <resutlNegCnt>1263276</resutlNegCnt>
                <seq>187</seq>
                <stateDt>20200702</stateDt>
                <stateTime>00:00</stateTime>
                <updateDt>2020-07-02 10:27:03.03</updateDt>
            </item>
            <item>
                <accDefRate>1.0152444684</accDefRate>
                <accExamCnt>1285231</accExamCnt>
                <accExamCompCnt>1265705</accExamCompCnt>
                <careCnt>980</careCnt>
                <clearCnt>11613</clearCnt>
                <createDt>2020-07-01 10:35:06.06</createDt>
                <deathCnt>282</deathCnt>
                <decideCnt>12850</decideCnt>
                <examCnt>19526</examCnt>
                <resutlNegCnt>1252855</resutlNegCnt>
                <seq>186</seq>
                <stateDt>20200701</stateDt>
                <stateTime>00:00</stateTime>
                <updateDt>2020-07-01 10:35:06.06</updateDt>
            </item>
            <item>
                <accDefRate>1.0215043465</accDefRate>
                <accExamCnt>1273765</accExamCnt>
                <accExamCompCnt>1252956</accExamCompCnt>
                <careCnt>1046</careCnt>
                <clearCnt>11537</clearCnt>
                <createDt>2020-06-30 11:19:14.14</createDt>
                <deathCnt>282</deathCnt>
                <decideCnt>12799</decideCnt>
                <examCnt>20809</examCnt>
                <resutlNegCnt>1240157</resutlNegCnt>
                <seq>185</seq>
                <stateDt>20200630</stateDt>
                <stateTime>00:00</stateTime>
                <updateDt>2020-06-30 11:19:14.14</updateDt>
            </item>
            <item>
                <accDefRate>1.0275845681</accDefRate>
                <accExamCnt>1259954</accExamCnt>
                <accExamCompCnt>1241455</accExamCompCnt>
                <careCnt>1069</careCnt>
                <clearCnt>11429</clearCnt>
                <createDt>2020-06-29 10:29:36.36</createDt>
                <deathCnt>282</deathCnt>
                <decideCnt>12757</decideCnt>
                <examCnt>18499</examCnt>
                <resutlNegCnt>1228698</resutlNegCnt>
                <seq>184</seq>
                <stateDt>20200629</stateDt>
                <stateTime>00:00</stateTime>
                <updateDt>2020-06-29 10:29:36.36</updateDt>
            </item>
            <item>
                <accDefRate>1.0314839902</accDefRate>
                <accExamCnt>1251695</accExamCnt>
                <accExamCompCnt>1232690</accExamCompCnt>
                <careCnt>1054</careCnt>
                <clearCnt>11364</clearCnt>
                <createDt>2020-06-28 10:29:27.27</createDt>
                <deathCnt>282</deathCnt>
                <decideCnt>12715</decideCnt>
                <examCnt>19005</examCnt>
                <resutlNegCnt>1219975</resutlNegCnt>
                <seq>183</seq>
                <stateDt>20200628</stateDt>
                <stateTime>00:00</stateTime>
                <updateDt>2020-06-28 10:29:27.27</updateDt>
            </item>
            <item>
                <accDefRate>1.0338144673</accDefRate>
                <accExamCnt>1243780</accExamCnt>
                <accExamCompCnt>1223914</accExamCompCnt>
                <careCnt>1148</careCnt>
                <clearCnt>11317</clearCnt>
                <createDt>2020-06-27 10:47:05.05</createDt>
                <deathCnt>282</deathCnt>
                <decideCnt>12653</decideCnt>
                <examCnt>19866</examCnt>
                <resutlNegCnt>1211261</resutlNegCnt>
                <seq>182</seq>
                <stateDt>20200627</stateDt>
                <stateTime>00:00</stateTime>
                <updateDt>2020-06-27 10:47:05.05</updateDt>
            </item>
            <item>
                <accDefRate>1.0384948499</accDefRate>
                <accExamCnt>1232315</accExamCnt>
                <accExamCompCnt>1213487</accExamCompCnt>
                <careCnt>1307</careCnt>
                <clearCnt>11172</clearCnt>
                <createDt>2020-06-26 10:13:35.35</createDt>
                <deathCnt>282</deathCnt>
                <decideCnt>12602</decideCnt>
                <examCnt>18828</examCnt>
                <resutlNegCnt>1200885</resutlNegCnt>
                <seq>181</seq>
                <stateDt>20200626</stateDt>
                <stateTime>00:00</stateTime>
                <updateDt>2020-06-26 10:13:35.35</updateDt>
            </item>
            <item>
                <accDefRate>1.0455417792</accDefRate>
                <accExamCnt>1220478</accExamCnt>
                <accExamCompCnt>1201578</accExamCompCnt>
                <careCnt>1324</careCnt>
                <clearCnt>10974</clearCnt>
                <createDt>2020-06-25 10:19:09.09</createDt>
                <deathCnt>282</deathCnt>
                <decideCnt>12563</decideCnt>
                <examCnt>18900</examCnt>
                <resutlNegCnt>1189015</resutlNegCnt>
                <seq>180</seq>
                <stateDt>20200625</stateDt>
                <stateTime>00:00</stateTime>
                <updateDt>2020-06-25 10:19:09.09</updateDt>
            </item>
            <item>
                <accDefRate>1.0548221402</accDefRate>
                <accExamCnt>1208597</accExamCnt>
                <accExamCompCnt>1188352</accExamCompCnt>
                <careCnt>1295</careCnt>
                <clearCnt>10930</clearCnt>
                <createDt>2020-06-24 10:31:43.43</createDt>
                <deathCnt>281</deathCnt>
                <decideCnt>12535</decideCnt>
                <examCnt>20245</examCnt>
                <resutlNegCnt>1175817</resutlNegCnt>
                <seq>179</seq>
                <stateDt>20200624</stateDt>
                <stateTime>00:00</stateTime>
                <updateDt>2020-06-24 10:31:43.43</updateDt>
            </item>
            <item>
                <accDefRate>1.0636140726</accDefRate>
                <accExamCnt>1196012</accExamCnt>
                <accExamCompCnt>1173734</accExamCompCnt>
                <careCnt>1277</careCnt>
                <clearCnt>10908</clearCnt>
                <createDt>2020-06-23 10:41:14.14</createDt>
                <deathCnt>281</deathCnt>
                <decideCnt>12484</decideCnt>
                <examCnt>22278</examCnt>
                <resutlNegCnt>1161250</resutlNegCnt>
                <seq>178</seq>
                <stateDt>20200623</stateDt>
                <stateTime>00:00</stateTime>
                <updateDt>2020-06-23 10:41:14.14</updateDt>
            </item>
            <item>
                <accDefRate>1.0697854838</accDefRate>
                <accExamCnt>1182066</accExamCnt>
                <accExamCompCnt>1162663</accExamCompCnt>
                <careCnt>1273</careCnt>
                <clearCnt>10881</clearCnt>
                <createDt>2020-06-22 11:40:11.11</createDt>
                <deathCnt>280</deathCnt>
                <decideCnt>12438</decideCnt>
                <examCnt>19403</examCnt>
                <resutlNegCnt>1150225</resutlNegCnt>
                <seq>177</seq>
                <stateDt>20200622</stateDt>
                <stateTime>00:00</stateTime>
                <updateDt>2020-06-22 11:40:11.11</updateDt>
            </item>
            <item>
                <accDefRate>1.0741167355</accDefRate>
                <accExamCnt>1176463</accExamCnt>
                <accExamCompCnt>1156392</accExamCompCnt>
                <careCnt>1237</careCnt>
                <clearCnt>10868</clearCnt>
                <createDt>2020-06-21 10:10:23.23</createDt>
                <deathCnt>280</deathCnt>
                <decideCnt>12421</decideCnt>
                <examCnt>20071</examCnt>
                <resutlNegCnt>1143971</resutlNegCnt>
                <seq>176</seq>
                <stateDt>20200621</stateDt>
                <stateTime>00:00</stateTime>
                <updateDt>2020-06-21 10:10:23.23</updateDt>
            </item>
            <item>
                <accDefRate>1.0764456500</accDefRate>
                <accExamCnt>1170901</accExamCnt>
                <accExamCompCnt>1149431</accExamCompCnt>
                <careCnt>1191</careCnt>
                <clearCnt>10856</clearCnt>
                <createDt>2020-06-20 10:14:22.22</createDt>
                <deathCnt>280</deathCnt>
                <decideCnt>12373</decideCnt>
                <examCnt>21470</examCnt>
                <resutlNegCnt>1137058</resutlNegCnt>
                <seq>175</seq>
                <stateDt>20200620</stateDt>
                <stateTime>00:00</stateTime>
                <updateDt>2020-06-20 10:14:22.22</updateDt>
            </item>
            <item>
                <accDefRate>1.0824428058</accDefRate>
                <accExamCnt>1158063</accExamCnt>
                <accExamCompCnt>1136873</accExamCompCnt>
                <careCnt>1177</careCnt>
                <clearCnt>10835</clearCnt>
                <createDt>2020-06-19 10:32:24.24</createDt>
                <deathCnt>280</deathCnt>
                <decideCnt>12306</decideCnt>
                <examCnt>21190</examCnt>
                <resutlNegCnt>1124567</resutlNegCnt>
                <seq>174</seq>
                <stateDt>20200619</stateDt>
                <stateTime>00:00</stateTime>
                <updateDt>2020-06-19 10:32:24.24</updateDt>
            </item>
            <item>
                <accDefRate>1.0904823674</accDefRate>
                <accExamCnt>1145712</accExamCnt>
                <accExamCompCnt>1123998</accExamCompCnt>
                <careCnt>1145</careCnt>
                <clearCnt>10800</clearCnt>
                <createDt>2020-06-18 10:12:45.45</createDt>
                <deathCnt>280</deathCnt>
                <decideCnt>12257</decideCnt>
                <examCnt>21714</examCnt>
                <resutlNegCnt>1111741</resutlNegCnt>
                <seq>173</seq>
                <stateDt>20200618</stateDt>
                <stateTime>00:00</stateTime>
                <updateDt>2020-06-18 10:12:45.45</updateDt>
            </item>
            <item>
                <accDefRate>1.0975998214</accDefRate>
                <accExamCnt>1132823</accExamCnt>
                <accExamCompCnt>1111334</accExamCompCnt>
                <careCnt>1117</careCnt>
                <clearCnt>10774</clearCnt>
                <createDt>2020-06-17 10:14:34.34</createDt>
                <deathCnt>279</deathCnt>
                <decideCnt>12198</decideCnt>
                <examCnt>21489</examCnt>
                <resutlNegCnt>1099136</resutlNegCnt>
                <seq>172</seq>
                <stateDt>20200617</stateDt>
                <stateTime>00:00</stateTime>
                <updateDt>2020-06-17 10:14:34.34</updateDt>
            </item>
            <item>
                <accDefRate>1.1078855382</accDefRate>
                <accExamCnt>1119767</accExamCnt>
                <accExamCompCnt>1097135</accExamCompCnt>
                <careCnt>1114</careCnt>
                <clearCnt>10760</clearCnt>
                <createDt>2020-06-16 10:16:47.47</createDt>
                <deathCnt>278</deathCnt>
                <decideCnt>12155</decideCnt>
                <examCnt>22632</examCnt>
                <resutlNegCnt>1084980</resutlNegCnt>
                <seq>171</seq>
                <stateDt>20200616</stateDt>
                <stateTime>00:00</stateTime>
                <updateDt>2020-06-16 10:16:47.47</updateDt>
            </item>
            <item>
                <accDefRate>1.1172190545</accDefRate>
                <accExamCnt>1105719</accExamCnt>
                <accExamCompCnt>1084926</accExamCompCnt>
                <careCnt>1089</careCnt>
                <clearCnt>10730</clearCnt>
                <createDt>2020-06-15 10:16:22.22</createDt>
                <deathCnt>277</deathCnt>
                <decideCnt>12121</decideCnt>
                <examCnt>20793</examCnt>
                <resutlNegCnt>1072805</resutlNegCnt>
                <seq>170</seq>
                <stateDt>20200615</stateDt>
                <stateTime>00:00</stateTime>
                <updateDt>2020-06-15 10:16:22.22</updateDt>
            </item>
            <item>
                <accDefRate>1.1199559580</accDefRate>
                <accExamCnt>1100327</accExamCnt>
                <accExamCompCnt>1078971</accExamCompCnt>
                <careCnt>1082</careCnt>
                <clearCnt>10718</clearCnt>
                <createDt>2020-06-14 10:19:18.18</createDt>
                <deathCnt>277</deathCnt>
                <decideCnt>12084</decideCnt>
                <examCnt>21356</examCnt>
                <resutlNegCnt>1066887</resutlNegCnt>
                <seq>169</seq>
                <stateDt>20200614</stateDt>
                <stateTime>00:00</stateTime>
                <updateDt>2020-06-14 10:19:18.18</updateDt>
            </item>
            <item>
                <accDefRate>1.1247480984</accDefRate>
                <accExamCnt>1094703</accExamCnt>
                <accExamCompCnt>1071351</accExamCompCnt>
                <careCnt>1056</careCnt>
                <clearCnt>10691</clearCnt>
                <createDt>2020-06-13 10:11:43.43</createDt>
                <deathCnt>277</deathCnt>
                <decideCnt>12050</decideCnt>
                <examCnt>23352</examCnt>
                <resutlNegCnt>1059301</resutlNegCnt>
                <seq>168</seq>
                <stateDt>20200613</stateDt>
                <stateTime>00:00</stateTime>
                <updateDt>2020-06-13 10:11:43.43</updateDt>
            </item>
            <item>
                <accDefRate>1.1352178592</accDefRate>
                <accExamCnt>1081486</accExamCnt>
                <accExamCompCnt>1057242</accExamCompCnt>
                <careCnt>1016</careCnt>
                <clearCnt>10669</clearCnt>
                <createDt>2020-06-12 10:22:23.23</createDt>
                <deathCnt>277</deathCnt>
                <decideCnt>12002</decideCnt>
                <examCnt>24244</examCnt>
                <resutlNegCnt>1045240</resutlNegCnt>
                <seq>167</seq>
                <stateDt>20200612</stateDt>
                <stateTime>00:00</stateTime>
                <updateDt>2020-06-12 10:22:23.23</updateDt>
            </item>
            <item>
                <accDefRate>1.1471173706</accDefRate>
                <accExamCnt>1066887</accExamCnt>
                <accExamCompCnt>1041393</accExamCompCnt>
                <careCnt>1014</careCnt>
                <clearCnt>10654</clearCnt>
                <createDt>2020-06-11 10:30:28.28</createDt>
                <deathCnt>276</deathCnt>
                <decideCnt>11946</decideCnt>
                <examCnt>25494</examCnt>
                <resutlNegCnt>1029447</resutlNegCnt>
                <seq>166</seq>
                <stateDt>20200611</stateDt>
                <stateTime>00:00</stateTime>
                <updateDt>2020-06-11 10:30:28.28</updateDt>
            </item>
            <item>
                <accDefRate>1.1602264883</accDefRate>
                <accExamCnt>1051971</accExamCnt>
                <accExamCompCnt>1025748</accExamCompCnt>
                <careCnt>988</careCnt>
                <clearCnt>10611</clearCnt>
                <createDt>2020-06-10 10:13:48.48</createDt>
                <deathCnt>276</deathCnt>
                <decideCnt>11901</decideCnt>
                <examCnt>26223</examCnt>
                <resutlNegCnt>1013847</resutlNegCnt>
                <seq>165</seq>
                <stateDt>20200610</stateDt>
                <stateTime>00:00</stateTime>
                <updateDt>2020-06-10 10:13:48.48</updateDt>
            </item>
            <item>
                <accDefRate>1.1750684407</accDefRate>
                <accExamCnt>1035996</accExamCnt>
                <accExamCompCnt>1008537</accExamCompCnt>
                <careCnt>977</careCnt>
                <clearCnt>10589</clearCnt>
                <createDt>2020-06-09 10:08:46.46</createDt>
                <deathCnt>274</deathCnt>
                <decideCnt>11851</decideCnt>
                <examCnt>27459</examCnt>
                <resutlNegCnt>996686</resutlNegCnt>
                <seq>164</seq>
                <stateDt>20200609</stateDt>
                <stateTime>00:00</stateTime>
                <updateDt>2020-06-09 10:08:46.46</updateDt>
            </item>
            <item>
                <accDefRate>1.1886231069</accDefRate>
                <accExamCnt>1018213</accExamCnt>
                <accExamCompCnt>993839</accExamCompCnt>
                <careCnt>951</careCnt>
                <clearCnt>10563</clearCnt>
                <createDt>2020-06-08 10:14:01.01</createDt>
                <deathCnt>273</deathCnt>
                <decideCnt>11813</decideCnt>
                <examCnt>24374</examCnt>
                <resutlNegCnt>982026</resutlNegCnt>
                <seq>163</seq>
                <stateDt>20200608</stateDt>
                <stateTime>00:00</stateTime>
                <updateDt>2020-06-08 10:14:01.01</updateDt>
            </item>
            <item>
                <accDefRate>1.1939717405</accDefRate>
                <accExamCnt>1012769</accExamCnt>
                <accExamCompCnt>986288</accExamCompCnt>
                <careCnt>915</careCnt>
                <clearCnt>10552</clearCnt>
                <createDt>2020-06-07 10:20:09.09</createDt>
                <deathCnt>273</deathCnt>
                <decideCnt>11776</decideCnt>
                <examCnt>26481</examCnt>
                <resutlNegCnt>974512</resutlNegCnt>
                <seq>162</seq>
                <stateDt>20200607</stateDt>
                <stateTime>00:00</stateTime>
                <updateDt>2020-06-07 10:20:09.09</updateDt>
            </item>
            <item>
                <accDefRate>1.1990574522</accDefRate>
                <accExamCnt>1005305</accExamCnt>
                <accExamCompCnt>977351</accExamCompCnt>
                <careCnt>889</careCnt>
                <clearCnt>10531</clearCnt>
                <createDt>2020-06-06 10:49:23.23</createDt>
                <deathCnt>273</deathCnt>
                <decideCnt>11719</decideCnt>
                <examCnt>27954</examCnt>
                <resutlNegCnt>965632</resutlNegCnt>
                <seq>161</seq>
                <stateDt>20200606</stateDt>
                <stateTime>00:00</stateTime>
                <updateDt>2020-06-06 10:49:23.23</updateDt>
            </item>
            <item>
                <accDefRate>1.2126452669</accDefRate>
                <accExamCnt>990960</accExamCnt>
                <accExamCompCnt>962194</accExamCompCnt>
                <careCnt>857</careCnt>
                <clearCnt>10506</clearCnt>
                <createDt>2020-06-05 10:56:51.51</createDt>
                <deathCnt>273</deathCnt>
                <decideCnt>11668</decideCnt>
                <examCnt>28766</examCnt>
                <resutlNegCnt>950526</resutlNegCnt>
                <seq>160</seq>
                <stateDt>20200605</stateDt>
                <stateTime>00:00</stateTime>
                <updateDt>2020-06-05 10:56:51.51</updateDt>
            </item>
            <item>
                <accDefRate>1.2297244567</accDefRate>
                <accExamCnt>973858</accExamCnt>
                <accExamCompCnt>945659</accExamCompCnt>
                <careCnt>850</careCnt>
                <clearCnt>10499</clearCnt>
                <createDt>2020-06-04 10:27:46.46</createDt>
                <deathCnt>273</deathCnt>
                <decideCnt>11629</decideCnt>
                <examCnt>28199</examCnt>
                <resutlNegCnt>934030</resutlNegCnt>
                <seq>159</seq>
                <stateDt>20200604</stateDt>
                <stateTime>00:00</stateTime>
                <updateDt>2020-06-04 10:27:46.46</updateDt>
            </item>
            <item>
                <accDefRate>1.2475954991</accDefRate>
                <accExamCnt>956852</accExamCnt>
                <accExamCompCnt>928987</accExamCompCnt>
                <careCnt>823</careCnt>
                <clearCnt>10467</clearCnt>
                <createDt>2020-06-03 10:25:46.46</createDt>
                <deathCnt>273</deathCnt>
                <decideCnt>11590</decideCnt>
                <examCnt>27865</examCnt>
                <resutlNegCnt>917397</resutlNegCnt>
                <seq>158</seq>
                <stateDt>20200603</stateDt>
                <stateTime>00:00</stateTime>
                <updateDt>2020-06-03 10:25:46.46</updateDt>
            </item>
            <item>
                <accDefRate>1.2669483571</accDefRate>
                <accExamCnt>939851</accExamCnt>
                <accExamCompCnt>910929</accExamCompCnt>
                <careCnt>810</careCnt>
                <clearCnt>10446</clearCnt>
                <createDt>2020-06-02 10:15:46.46</createDt>
                <deathCnt>272</deathCnt>
                <decideCnt>11541</decideCnt>
                <examCnt>28922</examCnt>
                <resutlNegCnt>899388</resutlNegCnt>
                <seq>157</seq>
                <stateDt>20200602</stateDt>
                <stateTime>00:00</stateTime>
                <updateDt>2020-06-02 10:15:46.46</updateDt>
            </item>
            <item>
                <accDefRate>1.2819098372</accDefRate>
                <accExamCnt>921391</accExamCnt>
                <accExamCompCnt>897333</accExamCompCnt>
                <careCnt>793</careCnt>
                <clearCnt>10422</clearCnt>
                <createDt>2020-06-01 10:13:10.10</createDt>
                <deathCnt>271</deathCnt>
                <decideCnt>11503</decideCnt>
                <examCnt>24058</examCnt>
                <resutlNegCnt>885830</resutlNegCnt>
                <seq>156</seq>
                <stateDt>20200601</stateDt>
                <stateTime>00:00</stateTime>
                <updateDt>2020-06-01 10:13:10.10</updateDt>
            </item>
            <item>
                <accDefRate>1.2921282483</accDefRate>
                <accExamCnt>910822</accExamCnt>
                <accExamCompCnt>887528</accExamCompCnt>
                <careCnt>774</careCnt>
                <clearCnt>10405</clearCnt>
                <createDt>2020-05-31 10:22:38.38</createDt>
                <deathCnt>270</deathCnt>
                <decideCnt>11468</decideCnt>
                <examCnt>23294</examCnt>
                <resutlNegCnt>876060</resutlNegCnt>
                <seq>155</seq>
                <stateDt>20200531</stateDt>
                <stateTime>00:00</stateTime>
                <updateDt>2020-05-31 10:22:38.38</updateDt>
            </item>
            <item>
                <accDefRate>1.3051518190</accDefRate>
                <accExamCnt>902901</accExamCnt>
                <accExamCompCnt>876603</accExamCompCnt>
                <careCnt>770</careCnt>
                <clearCnt>10398</clearCnt>
                <createDt>2020-05-30 10:12:27.27</createDt>
                <deathCnt>269</deathCnt>
                <decideCnt>11441</decideCnt>
                <examCnt>26298</examCnt>
                <resutlNegCnt>865162</resutlNegCnt>
                <seq>154</seq>
                <stateDt>20200530</stateDt>
                <stateTime>00:00</stateTime>
                <updateDt>2020-05-30 10:12:27.27</updateDt>
            </item>
            <item>
                <accDefRate>1.3249465756</accDefRate>
                <accExamCnt>885120</accExamCnt>
                <accExamCompCnt>860563</accExamCompCnt>
                <careCnt>735</careCnt>
                <clearCnt>10363</clearCnt>
                <createDt>2020-05-29 10:10:53.53</createDt>
                <deathCnt>269</deathCnt>
                <decideCnt>11402</decideCnt>
                <examCnt>24557</examCnt>
                <resutlNegCnt>849161</resutlNegCnt>
                <seq>153</seq>
                <stateDt>20200529</stateDt>
                <stateTime>00:00</stateTime>
                <updateDt>2020-05-29 10:10:53.53</updateDt>
            </item>
            <item>
                <accDefRate>1.3404293533</accDefRate>
                <accExamCnt>868666</accExamCnt>
                <accExamCompCnt>846296</accExamCompCnt>
                <careCnt>701</careCnt>
                <clearCnt>10340</clearCnt>
                <createDt>2020-05-28 10:11:28.28</createDt>
                <deathCnt>269</deathCnt>
                <decideCnt>11344</decideCnt>
                <examCnt>22370</examCnt>
                <resutlNegCnt>834952</resutlNegCnt>
                <seq>152</seq>
                <stateDt>20200528</stateDt>
                <stateTime>00:00</stateTime>
                <updateDt>2020-05-28 10:11:28.28</updateDt>
            </item>
            <item>
                <accDefRate>1.3542674753</accDefRate>
                <accExamCnt>852876</accExamCnt>
                <accExamCompCnt>831815</accExamCompCnt>
                <careCnt>681</careCnt>
                <clearCnt>10295</clearCnt>
                <createDt>2020-05-27 10:16:33.33</createDt>
                <deathCnt>269</deathCnt>
                <decideCnt>11265</decideCnt>
                <examCnt>21061</examCnt>
                <resutlNegCnt>820550</resutlNegCnt>
                <seq>151</seq>
                <stateDt>20200527</stateDt>
                <stateTime>00:00</stateTime>
                <updateDt>2020-05-27 10:16:33.33</updateDt>
            </item>
            <item>
                <accDefRate>1.3732045885</accDefRate>
                <accExamCnt>839475</accExamCnt>
                <accExamCompCnt>817431</accExamCompCnt>
                <careCnt>713</careCnt>
                <clearCnt>10275</clearCnt>
                <createDt>2020-05-26 10:12:49.49</createDt>
                <deathCnt>269</deathCnt>
                <decideCnt>11225</decideCnt>
                <examCnt>22044</examCnt>
                <resutlNegCnt>806206</resutlNegCnt>
                <seq>150</seq>
                <stateDt>20200526</stateDt>
                <stateTime>00:00</stateTime>
                <updateDt>2020-05-26 10:12:49.49</updateDt>
            </item>
            <item>
                <accDefRate>1.3880012088</accDefRate>
                <accExamCnt>826437</accExamCnt>
                <accExamCompCnt>807348</accExamCompCnt>
                <careCnt>711</careCnt>
                <clearCnt>10226</clearCnt>
                <createDt>2020-05-25 10:27:08.08</createDt>
                <deathCnt>267</deathCnt>
                <decideCnt>11206</decideCnt>
                <examCnt>19089</examCnt>
                <resutlNegCnt>796142</resutlNegCnt>
                <seq>149</seq>
                <stateDt>20200525</stateDt>
                <stateTime>00:00</stateTime>
                <updateDt>2020-05-25 10:27:08.08</updateDt>
            </item>
            <item>
                <accDefRate>1.3988269354</accDefRate>
                <accExamCnt>820289</accExamCnt>
                <accExamCompCnt>799956</accExamCompCnt>
                <careCnt>705</careCnt>
                <clearCnt>10213</clearCnt>
                <createDt>2020-05-24 10:29:10.10</createDt>
                <deathCnt>266</deathCnt>
                <decideCnt>11190</decideCnt>
                <examCnt>20333</examCnt>
                <resutlNegCnt>788766</resutlNegCnt>
                <seq>148</seq>
                <stateDt>20200524</stateDt>
                <stateTime>00:00</stateTime>
                <updateDt>2020-05-24 10:29:10.10</updateDt>
            </item>
            <item>
                <accDefRate>1.4082091086</accDefRate>
                <accExamCnt>814420</accExamCnt>
                <accExamCompCnt>792851</accExamCompCnt>
                <careCnt>716</careCnt>
                <clearCnt>10194</clearCnt>
                <createDt>2020-05-23 10:34:54.54</createDt>
                <deathCnt>266</deathCnt>
                <decideCnt>11165</decideCnt>
                <examCnt>21569</examCnt>
                <resutlNegCnt>781686</resutlNegCnt>
                <seq>147</seq>
                <stateDt>20200523</stateDt>
                <stateTime>00:00</stateTime>
                <updateDt>2020-05-23 10:34:54.54</updateDt>
            </item>
            <item>
                <accDefRate>1.4245677200</accDefRate>
                <accExamCnt>802418</accExamCnt>
                <accExamCompCnt>782132</accExamCompCnt>
                <careCnt>723</careCnt>
                <clearCnt>10162</clearCnt>
                <createDt>2020-05-22 10:15:38.38</createDt>
                <deathCnt>264</deathCnt>
                <decideCnt>11142</decideCnt>
                <examCnt>20286</examCnt>
                <resutlNegCnt>770990</resutlNegCnt>
                <seq>146</seq>
                <stateDt>20200522</stateDt>
                <stateTime>00:00</stateTime>
                <updateDt>2020-05-22 10:15:38.38</updateDt>
            </item>
            <item>
                <accDefRate>1.4433003069</accDefRate>
                <accExamCnt>788684</accExamCnt>
                <accExamCompCnt>770595</accExamCompCnt>
                <careCnt>781</careCnt>
                <clearCnt>10135</clearCnt>
                <createDt>2020-05-21 10:24:07.07</createDt>
                <deathCnt>264</deathCnt>
                <decideCnt>11122</decideCnt>
                <examCnt>18089</examCnt>
                <resutlNegCnt>759473</resutlNegCnt>
                <seq>145</seq>
                <stateDt>20200521</stateDt>
                <stateTime>00:00</stateTime>
                <updateDt>2020-05-21 10:24:07.07</updateDt>
            </item>
            <item>
                <accDefRate>1.4616843972</accDefRate>
                <accExamCnt>776433</accExamCnt>
                <accExamCompCnt>760082</accExamCompCnt>
                <careCnt>877</careCnt>
                <clearCnt>10066</clearCnt>
                <createDt>2020-05-20 10:13:17.17</createDt>
                <deathCnt>263</deathCnt>
                <decideCnt>11110</decideCnt>
                <examCnt>16351</examCnt>
                <resutlNegCnt>748972</resutlNegCnt>
                <seq>144</seq>
                <stateDt>20200520</stateDt>
                <stateTime>00:00</stateTime>
                <updateDt>2020-05-20 10:13:17.17</updateDt>
            </item>
            <item>
                <accDefRate>1.4797321575</accDefRate>
                <accExamCnt>765574</accExamCnt>
                <accExamCompCnt>748649</accExamCompCnt>
                <careCnt>898</careCnt>
                <clearCnt>9938</clearCnt>
                <createDt>2020-05-19 10:22:38.38</createDt>
                <deathCnt>263</deathCnt>
                <decideCnt>11078</decideCnt>
                <examCnt>16925</examCnt>
                <resutlNegCnt>737571</resutlNegCnt>
                <seq>143</seq>
                <stateDt>20200519</stateDt>
                <stateTime>00:00</stateTime>
                <updateDt>2020-05-19 10:22:38.38</updateDt>
            </item>
            <item>
                <accDefRate>1.5011165105</accDefRate>
                <accExamCnt>753211</accExamCnt>
                <accExamCompCnt>737118</accExamCompCnt>
                <careCnt>900</careCnt>
                <clearCnt>9904</clearCnt>
                <createDt>2020-05-18 10:18:09.09</createDt>
                <deathCnt>263</deathCnt>
                <decideCnt>11065</decideCnt>
                <examCnt>16093</examCnt>
                <resutlNegCnt>726053</resutlNegCnt>
                <seq>142</seq>
                <stateDt>20200518</stateDt>
                <stateTime>00:00</stateTime>
                <updateDt>2020-05-18 10:18:09.09</updateDt>
            </item>
            <item>
                <accDefRate>1.5137131451</accDefRate>
                <accExamCnt>747653</accExamCnt>
                <accExamCompCnt>729993</accExamCompCnt>
                <careCnt>924</careCnt>
                <clearCnt>9888</clearCnt>
                <createDt>2020-05-17 10:12:11.11</createDt>
                <deathCnt>262</deathCnt>
                <decideCnt>11050</decideCnt>
                <examCnt>17660</examCnt>
                <resutlNegCnt>718943</resutlNegCnt>
                <seq>141</seq>
                <stateDt>20200517</stateDt>
                <stateTime>00:00</stateTime>
                <updateDt>2020-05-17 10:12:11.11</updateDt>
            </item>
            <item>
                <accDefRate>1.5280312113</accDefRate>
                <accExamCnt>740645</accExamCnt>
                <accExamCompCnt>722302</accExamCompCnt>
                <careCnt>937</careCnt>
                <clearCnt>9851</clearCnt>
                <createDt>2020-05-16 10:19:44.44</createDt>
                <deathCnt>262</deathCnt>
                <decideCnt>11037</decideCnt>
                <examCnt>18343</examCnt>
                <resutlNegCnt>711265</resutlNegCnt>
                <seq>140</seq>
                <stateDt>20200516</stateDt>
                <stateTime>00:00</stateTime>
                <updateDt>2020-05-16 10:19:44.44</updateDt>
            </item>
            <item>
                <accDefRate>1.5586980386</accDefRate>
                <accExamCnt>726747</accExamCnt>
                <accExamCompCnt>706872</accExamCompCnt>
                <careCnt>969</careCnt>
                <clearCnt>9821</clearCnt>
                <createDt>2020-05-15 10:33:34.34</createDt>
                <deathCnt>260</deathCnt>
                <decideCnt>11018</decideCnt>
                <examCnt>19875</examCnt>
                <resutlNegCnt>695854</resutlNegCnt>
                <seq>139</seq>
                <stateDt>20200515</stateDt>
                <stateTime>00:00</stateTime>
                <updateDt>2020-05-15 10:33:34.34</updateDt>
            </item>
            <item>
                <accDefRate>1.5911413772</accDefRate>
                <accExamCnt>711484</accExamCnt>
                <accExamCompCnt>690762</accExamCompCnt>
                <careCnt>1008</careCnt>
                <clearCnt>9762</clearCnt>
                <createDt>2020-05-14 10:18:25.25</createDt>
                <deathCnt>260</deathCnt>
                <decideCnt>10991</decideCnt>
                <examCnt>20722</examCnt>
                <resutlNegCnt>679771</resutlNegCnt>
                <seq>138</seq>
                <stateDt>20200514</stateDt>
                <stateTime>00:00</stateTime>
                <updateDt>2020-05-14 10:18:25.25</updateDt>
            </item>
            <item>
                <accDefRate>1.6207800503</accDefRate>
                <accExamCnt>695920</accExamCnt>
                <accExamCompCnt>676341</accExamCompCnt>
                <careCnt>1008</careCnt>
                <clearCnt>9695</clearCnt>
                <createDt>2020-05-13 10:41:15.15</createDt>
                <deathCnt>259</deathCnt>
                <decideCnt>10962</decideCnt>
                <examCnt>19579</examCnt>
                <resutlNegCnt>665379</resutlNegCnt>
                <seq>137</seq>
                <stateDt>20200513</stateDt>
                <stateTime>00:00</stateTime>
                <updateDt>2020-05-13 10:41:15.15</updateDt>
            </item>
            <item>
                <accDefRate>1.6456000963</accDefRate>
                <accExamCnt>680890</accExamCnt>
                <accExamCompCnt>664560</accExamCompCnt>
                <careCnt>1021</careCnt>
                <clearCnt>9670</clearCnt>
                <createDt>2020-05-12 10:12:14.14</createDt>
                <deathCnt>258</deathCnt>
                <decideCnt>10936</decideCnt>
                <examCnt>16330</examCnt>
                <resutlNegCnt>653624</resutlNegCnt>
                <seq>136</seq>
                <stateDt>20200512</stateDt>
                <stateTime>00:00</stateTime>
                <updateDt>2020-05-12 10:12:14.14</updateDt>
            </item>
            <item>
                <accDefRate>1.6589868759</accDefRate>
                <accExamCnt>668492</accExamCnt>
                <accExamCompCnt>657570</accExamCompCnt>
                <careCnt>1008</careCnt>
                <clearCnt>9632</clearCnt>
                <createDt>2020-05-11 10:25:58.58</createDt>
                <deathCnt>256</deathCnt>
                <decideCnt>10909</decideCnt>
                <examCnt>10922</examCnt>
                <resutlNegCnt>646661</resutlNegCnt>
                <seq>135</seq>
                <stateDt>20200511</stateDt>
                <stateTime>00:00</stateTime>
                <updateDt>2020-05-11 10:25:58.58</updateDt>
            </item>
            <item>
                <accDefRate>1.6633066058</accDefRate>
                <accExamCnt>663886</accExamCnt>
                <accExamCompCnt>653758</accExamCompCnt>
                <careCnt>1016</careCnt>
                <clearCnt>9610</clearCnt>
                <createDt>2020-05-10 10:14:56.56</createDt>
                <deathCnt>256</deathCnt>
                <decideCnt>10874</decideCnt>
                <examCnt>10128</examCnt>
                <resutlNegCnt>642884</resutlNegCnt>
                <seq>134</seq>
                <stateDt>20200510</stateDt>
                <stateTime>00:00</stateTime>
                <updateDt>2020-05-10 10:14:56.56</updateDt>
            </item>
            <item>
                <accDefRate>1.6654452377</accDefRate>
                <accExamCnt>660030</accExamCnt>
                <accExamCompCnt>650877</accExamCompCnt>
                <careCnt>1082</careCnt>
                <clearCnt>9568</clearCnt>
                <createDt>2020-05-09 10:17:15.15</createDt>
                <deathCnt>256</deathCnt>
                <decideCnt>10840</decideCnt>
                <examCnt>9153</examCnt>
                <resutlNegCnt>640037</resutlNegCnt>
                <seq>133</seq>
                <stateDt>20200509</stateDt>
                <stateTime>00:00</stateTime>
                <updateDt>2020-05-09 10:17:15.15</updateDt>
            </item>
            <item>
                <accDefRate>1.6752425711</accDefRate>
                <accExamCnt>654863</accExamCnt>
                <accExamCompCnt>645996</accExamCompCnt>
                <careCnt>1135</careCnt>
                <clearCnt>9484</clearCnt>
                <createDt>2020-05-08 10:18:50.50</createDt>
                <deathCnt>256</deathCnt>
                <decideCnt>10822</decideCnt>
                <examCnt>8867</examCnt>
                <resutlNegCnt>635174</resutlNegCnt>
                <seq>132</seq>
                <stateDt>20200508</stateDt>
                <stateTime>00:00</stateTime>
                <updateDt>2020-05-08 10:18:50.50</updateDt>
            </item>
            <item>
                <accDefRate>1.6865353322</accDefRate>
                <accExamCnt>649388</accExamCnt>
                <accExamCompCnt>640959</accExamCompCnt>
                <careCnt>1218</careCnt>
                <clearCnt>9419</clearCnt>
                <createDt>2020-05-07 10:43:56.56</createDt>
                <deathCnt>256</deathCnt>
                <decideCnt>10810</decideCnt>
                <examCnt>8429</examCnt>
                <resutlNegCnt>630149</resutlNegCnt>
                <seq>131</seq>
                <stateDt>20200507</stateDt>
                <stateTime>00:00</stateTime>
                <updateDt>2020-05-07 10:43:56.56</updateDt>
            </item>
            <item>
                <accDefRate>1.7015018438</accDefRate>
                <accExamCnt>643095</accExamCnt>
                <accExamCompCnt>635086</accExamCompCnt>
                <careCnt>1267</careCnt>
                <clearCnt>9333</clearCnt>
                <createDt>2020-05-06 10:16:11.11</createDt>
                <deathCnt>255</deathCnt>
                <decideCnt>10806</decideCnt>
                <examCnt>8009</examCnt>
                <resutlNegCnt>624280</resutlNegCnt>
                <seq>130</seq>
                <stateDt>20200506</stateDt>
                <stateTime>00:00</stateTime>
                <updateDt>2020-05-06 10:16:11.11</updateDt>
            </item>
            <item>
                <accDefRate>1.7111750628</accDefRate>
                <accExamCnt>640237</accExamCnt>
                <accExamCompCnt>631379</accExamCompCnt>
                <careCnt>1332</careCnt>
                <clearCnt>9283</clearCnt>
                <createDt>2020-05-05 10:20:41.41</createDt>
                <deathCnt>254</deathCnt>
                <decideCnt>10804</decideCnt>
                <examCnt>8858</examCnt>
                <resutlNegCnt>620575</resutlNegCnt>
                <seq>129</seq>
                <stateDt>20200505</stateDt>
                <stateTime>00:00</stateTime>
                <updateDt>2020-05-05 10:20:41.41</updateDt>
            </item>
            <item>
                <accDefRate>1.7261024858</accDefRate>
                <accExamCnt>633921</accExamCnt>
                <accExamCompCnt>625745</accExamCompCnt>
                <careCnt>1360</careCnt>
                <clearCnt>9217</clearCnt>
                <createDt>2020-05-04 10:11:32.32</createDt>
                <deathCnt>252</deathCnt>
                <decideCnt>10801</decideCnt>
                <examCnt>8176</examCnt>
                <resutlNegCnt>614944</resutlNegCnt>
                <seq>128</seq>
                <stateDt>20200504</stateDt>
                <stateTime>00:00</stateTime>
                <updateDt>2020-05-04 10:11:32.32</updateDt>
            </item>
            <item>
                <accDefRate>1.7341356234</accDefRate>
                <accExamCnt>630973</accExamCnt>
                <accExamCompCnt>622385</accExamCompCnt>
                <careCnt>1407</careCnt>
                <clearCnt>9183</clearCnt>
                <createDt>2020-05-03 10:54:37.37</createDt>
                <deathCnt>250</deathCnt>
                <decideCnt>10793</decideCnt>
                <examCnt>8588</examCnt>
                <resutlNegCnt>611592</resutlNegCnt>
                <seq>127</seq>
                <stateDt>20200503</stateDt>
                <stateTime>00:00</stateTime>
                <updateDt>2020-05-03 10:54:37.37</updateDt>
            </item>
            <item>
                <accDefRate>1.7413329111</accDefRate>
                <accExamCnt>627562</accExamCnt>
                <accExamCompCnt>619066</accExamCompCnt>
                <careCnt>1454</careCnt>
                <clearCnt>9123</clearCnt>
                <createDt>2020-05-02 10:22:19.19</createDt>
                <deathCnt>250</deathCnt>
                <decideCnt>10780</decideCnt>
                <examCnt>8496</examCnt>
                <resutlNegCnt>608286</resutlNegCnt>
                <seq>126</seq>
                <stateDt>20200502</stateDt>
                <stateTime>00:00</stateTime>
                <updateDt>2020-05-02 10:22:19.19</updateDt>
            </item>
            <item>
                <accDefRate>1.7536263965</accDefRate>
                <accExamCnt>623069</accExamCnt>
                <accExamCompCnt>614384</accExamCompCnt>
                <careCnt>1459</careCnt>
                <clearCnt>9072</clearCnt>
                <createDt>2020-05-01 10:24:38.38</createDt>
                <deathCnt>248</deathCnt>
                <decideCnt>10774</decideCnt>
                <examCnt>8685</examCnt>
                <resutlNegCnt>603610</resutlNegCnt>
                <seq>125</seq>
                <stateDt>20200501</stateDt>
                <stateTime>00:00</stateTime>
                <updateDt>2020-05-01 10:24:38.38</updateDt>
            </item>
            <item>
                <accDefRate>1.7611538379</accDefRate>
                <accExamCnt>619881</accExamCnt>
                <accExamCompCnt>611247</accExamCompCnt>
                <careCnt>1593</careCnt>
                <clearCnt>9059</clearCnt>
                <createDt>2020-04-30 10:12:42.42</createDt>
                <deathCnt>247</deathCnt>
                <decideCnt>10765</decideCnt>
                <examCnt>8634</examCnt>
                <resutlNegCnt>600482</resutlNegCnt>
                <seq>124</seq>
                <stateDt>20200430</stateDt>
                <stateTime>00:00</stateTime>
                <updateDt>2020-04-30 10:12:42.42</updateDt>
            </item>
            <item>
                <accDefRate>1.7760649622</accDefRate>
                <accExamCnt>614197</accExamCnt>
                <accExamCompCnt>605890</accExamCompCnt>
                <careCnt>1654</careCnt>
                <clearCnt>8922</clearCnt>
                <createDt>2020-04-29 10:26:00.00</createDt>
                <deathCnt>246</deathCnt>
                <decideCnt>10761</decideCnt>
                <examCnt>8307</examCnt>
                <resutlNegCnt>595129</resutlNegCnt>
                <seq>123</seq>
                <stateDt>20200429</stateDt>
                <stateTime>00:00</stateTime>
                <updateDt>2020-04-29 10:26:00.00</updateDt>
            </item>
            <item>
                <accDefRate>1.7940601791</accDefRate>
                <accExamCnt>608514</accExamCnt>
                <accExamCompCnt>599311</accExamCompCnt>
                <careCnt>1731</careCnt>
                <clearCnt>8854</clearCnt>
                <createDt>2020-04-28 10:22:16.16</createDt>
                <deathCnt>244</deathCnt>
                <decideCnt>10752</decideCnt>
                <examCnt>9203</examCnt>
                <resutlNegCnt>588559</resutlNegCnt>
                <seq>122</seq>
                <stateDt>20200428</stateDt>
                <stateTime>00:00</stateTime>
                <updateDt>2020-04-28 10:22:16.16</updateDt>
            </item>
            <item>
                <accDefRate>1.8115104636</accDefRate>
                <accExamCnt>601660</accExamCnt>
                <accExamCompCnt>592765</accExamCompCnt>
                <careCnt>1769</careCnt>
                <clearCnt>8764</clearCnt>
                <createDt>2020-04-27 10:12:27.27</createDt>
                <deathCnt>243</deathCnt>
                <decideCnt>10738</decideCnt>
                <examCnt>8895</examCnt>
                <resutlNegCnt>582027</resutlNegCnt>
                <seq>121</seq>
                <stateDt>20200427</stateDt>
                <stateTime>00:00</stateTime>
                <updateDt>2020-04-27 10:12:27.27</updateDt>
            </item>
            <item>
                <accDefRate>1.8205082082</accDefRate>
                <accExamCnt>598285</accExamCnt>
                <accExamCompCnt>589286</accExamCompCnt>
                <careCnt>1843</careCnt>
                <clearCnt>8717</clearCnt>
                <createDt>2020-04-26 10:12:24.24</createDt>
                <deathCnt>242</deathCnt>
                <decideCnt>10728</decideCnt>
                <examCnt>8999</examCnt>
                <resutlNegCnt>578558</resutlNegCnt>
                <seq>120</seq>
                <stateDt>20200426</stateDt>
                <stateTime>00:00</stateTime>
                <updateDt>2020-04-26 10:12:24.24</updateDt>
            </item>
            <item>
                <accDefRate>1.8293161655</accDefRate>
                <accExamCnt>595161</accExamCnt>
                <accExamCompCnt>585902</accExamCompCnt>
                <careCnt>1967</careCnt>
                <clearCnt>8635</clearCnt>
                <createDt>2020-04-25 10:58:08.08</createDt>
                <deathCnt>240</deathCnt>
                <decideCnt>10718</decideCnt>
                <examCnt>9259</examCnt>
                <resutlNegCnt>575184</resutlNegCnt>
                <seq>119</seq>
                <stateDt>20200425</stateDt>
                <stateTime>00:00</stateTime>
                <updateDt>2020-04-25 10:58:08.08</updateDt>
            </item>
            <item>
                <accDefRate>1.8464615809</accDefRate>
                <accExamCnt>589520</accExamCnt>
                <accExamCompCnt>579920</accExamCompCnt>
                <careCnt>2051</careCnt>
                <clearCnt>8501</clearCnt>
                <createDt>2020-04-24 10:11:08.08</createDt>
                <deathCnt>240</deathCnt>
                <decideCnt>10708</decideCnt>
                <examCnt>9600</examCnt>
                <resutlNegCnt>569212</resutlNegCnt>
                <seq>116</seq>
                <stateDt>20200424</stateDt>
                <stateTime>00:00</stateTime>
                <updateDt>2020-04-24 10:11:08.08</updateDt>
            </item>
            <item>
                <accDefRate>1.8650057856</accDefRate>
                <accExamCnt>583971</accExamCnt>
                <accExamCompCnt>573832</accExamCompCnt>
                <careCnt>2179</careCnt>
                <clearCnt>8411</clearCnt>
                <createDt>2020-04-23 10:11:05.05</createDt>
                <deathCnt>240</deathCnt>
                <decideCnt>10702</decideCnt>
                <examCnt>10139</examCnt>
                <resutlNegCnt>563130</resutlNegCnt>
                <seq>115</seq>
                <stateDt>20200423</stateDt>
                <stateTime>00:00</stateTime>
                <updateDt>2020-04-23 10:11:05.05</updateDt>
            </item>
            <item>
                <accDefRate>1.8899402302</accDefRate>
                <accExamCnt>577959</accExamCnt>
                <accExamCompCnt>565838</accExamCompCnt>
                <careCnt>2233</careCnt>
                <clearCnt>8277</clearCnt>
                <createDt>2020-04-22 10:20:28.28</createDt>
                <deathCnt>238</deathCnt>
                <decideCnt>10694</decideCnt>
                <examCnt>12121</examCnt>
                <resutlNegCnt>555144</resutlNegCnt>
                <seq>114</seq>
                <stateDt>20200422</stateDt>
                <stateTime>00:00</stateTime>
                <updateDt>2020-04-22 10:20:28.28</updateDt>
            </item>
            <item>
                <accDefRate>1.9135113641</accDefRate>
                <accExamCnt>571014</accExamCnt>
                <accExamCompCnt>558293</accExamCompCnt>
                <careCnt>2324</careCnt>
                <clearCnt>8213</clearCnt>
                <createDt>2020-04-21 10:11:58.58</createDt>
                <deathCnt>237</deathCnt>
                <decideCnt>10683</decideCnt>
                <examCnt>12721</examCnt>
                <resutlNegCnt>547610</resutlNegCnt>
                <seq>113</seq>
                <stateDt>20200421</stateDt>
                <stateTime>00:00</stateTime>
                <updateDt>2020-04-21 10:11:58.58</updateDt>
            </item>
            <item>
                <accDefRate>1.9370152471</accDefRate>
                <accExamCnt>563035</accExamCnt>
                <accExamCompCnt>551054</accExamCompCnt>
                <careCnt>2385</careCnt>
                <clearCnt>8114</clearCnt>
                <createDt>2020-04-20 10:26:59.59</createDt>
                <deathCnt>236</deathCnt>
                <decideCnt>10674</decideCnt>
                <examCnt>11981</examCnt>
                <resutlNegCnt>540380</resutlNegCnt>
                <seq>112</seq>
                <stateDt>20200420</stateDt>
                <stateTime>00:00</stateTime>
                <updateDt>2020-04-20 10:26:59.59</updateDt>
            </item>
            <item>
                <accDefRate>1.9494720827</accDefRate>
                <accExamCnt>559109</accExamCnt>
                <accExamCompCnt>546866</accExamCompCnt>
                <careCnt>2484</careCnt>
                <clearCnt>8042</clearCnt>
                <createDt>2020-04-19 10:27:30.30</createDt>
                <deathCnt>234</deathCnt>
                <decideCnt>10661</decideCnt>
                <examCnt>12243</examCnt>
                <resutlNegCnt>536205</resutlNegCnt>
                <seq>111</seq>
                <stateDt>20200419</stateDt>
                <stateTime>00:00</stateTime>
                <updateDt>2020-04-19 10:27:30.30</updateDt>
            </item>
            <item>
                <accDefRate>1.9680980779</accDefRate>
                <accExamCnt>554834</accExamCnt>
                <accExamCompCnt>541284</accExamCompCnt>
                <careCnt>2576</careCnt>
                <clearCnt>7937</clearCnt>
                <createDt>2020-04-18 10:44:12.12</createDt>
                <deathCnt>232</deathCnt>
                <decideCnt>10653</decideCnt>
                <examCnt>13550</examCnt>
                <resutlNegCnt>530631</resutlNegCnt>
                <seq>110</seq>
                <stateDt>20200418</stateDt>
                <stateTime>00:00</stateTime>
                <updateDt>2020-04-18 10:44:12.12</updateDt>
            </item>
            <item>
                <accDefRate>1.9980198280</accDefRate>
                <accExamCnt>546463</accExamCnt>
                <accExamCompCnt>532277</accExamCompCnt>
                <careCnt>2627</careCnt>
                <clearCnt>7829</clearCnt>
                <createDt>2020-04-17 10:32:02.02</createDt>
                <deathCnt>230</deathCnt>
                <decideCnt>10635</decideCnt>
                <examCnt>14186</examCnt>
                <resutlNegCnt>521642</resutlNegCnt>
                <seq>109</seq>
                <stateDt>20200417</stateDt>
                <stateTime>00:00</stateTime>
                <updateDt>2020-04-17 10:32:02.02</updateDt>
            </item>
            <item>
                <accDefRate>2.0234239009</accDefRate>
                <accExamCnt>538775</accExamCnt>
                <accExamCompCnt>524507</accExamCompCnt>
                <careCnt>2750</careCnt>
                <clearCnt>7757</clearCnt>
                <createDt>2020-04-16 10:55:17.17</createDt>
                <deathCnt>229</deathCnt>
                <decideCnt>10613</decideCnt>
                <examCnt>14268</examCnt>
                <resutlNegCnt>513894</resutlNegCnt>
                <seq>108</seq>
                <stateDt>20200416</stateDt>
                <stateTime>00:00</stateTime>
                <updateDt>2020-04-16 10:55:17.17</updateDt>
            </item>
            <item>
                <accDefRate>2.0385890215</accDefRate>
                <accExamCnt>534552</accExamCnt>
                <accExamCompCnt>519526</accExamCompCnt>
                <careCnt>2808</careCnt>
                <clearCnt>7616</clearCnt>
                <createDt>2020-04-15 11:34:34.34</createDt>
                <deathCnt>225</deathCnt>
                <decideCnt>10591</decideCnt>
                <examCnt>15026</examCnt>
                <resutlNegCnt>508935</resutlNegCnt>
                <seq>107</seq>
                <stateDt>20200415</stateDt>
                <stateTime>00:00</stateTime>
                <updateDt>2020-04-15 11:34:34.34</updateDt>
            </item>
            <item>
                <accDefRate>2.0601146284</accDefRate>
                <accExamCnt>527438</accExamCnt>
                <accExamCompCnt>512787</accExamCompCnt>
                <careCnt>2873</careCnt>
                <clearCnt>7534</clearCnt>
                <createDt>2020-04-14 10:23:15.15</createDt>
                <deathCnt>222</deathCnt>
                <decideCnt>10564</decideCnt>
                <examCnt>14651</examCnt>
                <resutlNegCnt>502223</resutlNegCnt>
                <seq>106</seq>
                <stateDt>20200414</stateDt>
                <stateTime>00:00</stateTime>
                <updateDt>2020-04-14 10:23:15.15</updateDt>
            </item>
            <item>
                <accDefRate>2.0850812898</accDefRate>
                <accExamCnt>518743</accExamCnt>
                <accExamCompCnt>505352</accExamCompCnt>
                <careCnt>2930</careCnt>
                <clearCnt>7447</clearCnt>
                <createDt>2020-04-13 10:14:53.53</createDt>
                <deathCnt>217</deathCnt>
                <decideCnt>10537</decideCnt>
                <examCnt>13391</examCnt>
                <resutlNegCnt>494815</resutlNegCnt>
                <seq>105</seq>
                <stateDt>20200413</stateDt>
                <stateTime>00:00</stateTime>
                <updateDt>2020-04-13 10:14:53.53</updateDt>
            </item>
            <item>
                <accDefRate>2.0989032272</accDefRate>
                <accExamCnt>514621</accExamCnt>
                <accExamCompCnt>500833</accExamCompCnt>
                <careCnt>3026</careCnt>
                <clearCnt>7368</clearCnt>
                <createDt>2020-04-12 10:20:49.49</createDt>
                <deathCnt>214</deathCnt>
                <decideCnt>10512</decideCnt>
                <examCnt>13788</examCnt>
                <resutlNegCnt>490321</resutlNegCnt>
                <seq>104</seq>
                <stateDt>20200412</stateDt>
                <stateTime>00:00</stateTime>
                <updateDt>2020-04-12 10:20:49.49</updateDt>
            </item>
            <item>
                <accDefRate>2.1111623681</accDefRate>
                <accExamCnt>510479</accExamCnt>
                <accExamCompCnt>496409</accExamCompCnt>
                <careCnt>3125</careCnt>
                <clearCnt>7243</clearCnt>
                <createDt>2020-04-11 10:24:11.11</createDt>
                <deathCnt>211</deathCnt>
                <decideCnt>10480</decideCnt>
                <examCnt>14070</examCnt>
                <resutlNegCnt>485929</resutlNegCnt>
                <seq>103</seq>
                <stateDt>20200411</stateDt>
                <stateTime>00:00</stateTime>
                <updateDt>2020-04-11 10:24:11.11</updateDt>
            </item>
            <item>
                <accDefRate>2.1424778525</accDefRate>
                <accExamCnt>503051</accExamCnt>
                <accExamCompCnt>487753</accExamCompCnt>
                <careCnt>3246</careCnt>
                <clearCnt>7117</clearCnt>
                <createDt>2020-04-10 10:15:54.54</createDt>
                <deathCnt>208</deathCnt>
                <decideCnt>10450</decideCnt>
                <examCnt>15298</examCnt>
                <resutlNegCnt>477303</resutlNegCnt>
                <seq>102</seq>
                <stateDt>20200410</stateDt>
                <stateTime>00:00</stateTime>
                <updateDt>2020-04-10 10:15:54.54</updateDt>
            </item>
            <item>
                <accDefRate>2.1750743945</accDefRate>
                <accExamCnt>494711</accExamCnt>
                <accExamCompCnt>479202</accExamCompCnt>
                <careCnt>3408</careCnt>
                <clearCnt>6973</clearCnt>
                <createDt>2020-04-09 10:22:27.27</createDt>
                <deathCnt>204</deathCnt>
                <decideCnt>10423</decideCnt>
                <examCnt>15509</examCnt>
                <resutlNegCnt>468779</resutlNegCnt>
                <seq>101</seq>
                <stateDt>20200409</stateDt>
                <stateTime>00:00</stateTime>
                <updateDt>2020-04-09 10:22:27.27</updateDt>
            </item>
            <item>
                <accDefRate>2.2181161819</accDefRate>
                <accExamCnt>486003</accExamCnt>
                <accExamCompCnt>468145</accExamCompCnt>
                <careCnt>3445</careCnt>
                <clearCnt>6776</clearCnt>
                <createDt>2020-04-08 10:15:42.42</createDt>
                <deathCnt>200</deathCnt>
                <decideCnt>10384</decideCnt>
                <examCnt>17858</examCnt>
                <resutlNegCnt>457761</resutlNegCnt>
                <seq>100</seq>
                <stateDt>20200408</stateDt>
                <stateTime>00:00</stateTime>
                <updateDt>2020-04-08 10:15:42.42</updateDt>
            </item>
            <item>
                <accDefRate>2.2623255243</accDefRate>
                <accExamCnt>477304</accExamCnt>
                <accExamCompCnt>456654</accExamCompCnt>
                <careCnt>3500</careCnt>
                <clearCnt>6694</clearCnt>
                <createDt>2020-04-07 10:12:25.25</createDt>
                <deathCnt>192</deathCnt>
                <decideCnt>10331</decideCnt>
                <examCnt>20650</examCnt>
                <resutlNegCnt>446323</resutlNegCnt>
                <seq>99</seq>
                <stateDt>20200407</stateDt>
                <stateTime>00:00</stateTime>
                <updateDt>2020-04-07 10:12:25.25</updateDt>
            </item>
            <item>
                <accDefRate>2.2980543408</accDefRate>
                <accExamCnt>466804</accExamCnt>
                <accExamCompCnt>447509</accExamCompCnt>
                <careCnt>3591</careCnt>
                <clearCnt>6598</clearCnt>
                <createDt>2020-04-06 10:27:44.44</createDt>
                <deathCnt>186</deathCnt>
                <decideCnt>10284</decideCnt>
                <examCnt>19295</examCnt>
                <resutlNegCnt>437225</resutlNegCnt>
                <seq>98</seq>
                <stateDt>20200406</stateDt>
                <stateTime>00:00</stateTime>
                <updateDt>2020-04-06 10:27:44.44</updateDt>
            </item>
            <item>
                <accDefRate>2.3178358110</accDefRate>
                <accExamCnt>461233</accExamCnt>
                <accExamCompCnt>441662</accExamCompCnt>
                <careCnt>3654</careCnt>
                <clearCnt>6463</clearCnt>
                <createDt>2020-04-05 10:11:59.59</createDt>
                <deathCnt>183</deathCnt>
                <decideCnt>10237</decideCnt>
                <examCnt>19571</examCnt>
                <resutlNegCnt>431425</resutlNegCnt>
                <seq>97</seq>
                <stateDt>20200405</stateDt>
                <stateTime>00:00</stateTime>
                <updateDt>2020-04-05 10:11:59.59</updateDt>
            </item>
            <item>
                <accDefRate>2.3353139199</accDefRate>
                <accExamCnt>455032</accExamCnt>
                <accExamCompCnt>434888</accExamCompCnt>
                <careCnt>3867</careCnt>
                <clearCnt>6325</clearCnt>
                <createDt>2020-04-04 10:32:51.51</createDt>
                <deathCnt>177</deathCnt>
                <decideCnt>10156</decideCnt>
                <examCnt>20144</examCnt>
                <resutlNegCnt>424732</resutlNegCnt>
                <seq>96</seq>
                <stateDt>20200404</stateDt>
                <stateTime>00:00</stateTime>
                <updateDt>2020-04-04 10:32:51.51</updateDt>
            </item>
            <item>
                <accDefRate>2.3710720723</accDefRate>
                <accExamCnt>443273</accExamCnt>
                <accExamCompCnt>424365</accExamCompCnt>
                <careCnt>3979</careCnt>
                <clearCnt>6021</clearCnt>
                <createDt>2020-04-03 10:19:21.21</createDt>
                <deathCnt>174</deathCnt>
                <decideCnt>10062</decideCnt>
                <examCnt>18908</examCnt>
                <resutlNegCnt>414303</resutlNegCnt>
                <seq>95</seq>
                <stateDt>20200403</stateDt>
                <stateTime>00:00</stateTime>
                <updateDt>2020-04-03 10:19:21.21</updateDt>
            </item>
            <item>
                <accDefRate>2.4104886217</accDefRate>
                <accExamCnt>431743</accExamCnt>
                <accExamCompCnt>413858</accExamCompCnt>
                <careCnt>4155</careCnt>
                <clearCnt>5828</clearCnt>
                <createDt>2020-04-02 10:13:00.00</createDt>
                <deathCnt>169</deathCnt>
                <decideCnt>9976</decideCnt>
                <examCnt>17885</examCnt>
                <resutlNegCnt>403882</resutlNegCnt>
                <seq>94</seq>
                <stateDt>20200402</stateDt>
                <stateTime>00:00</stateTime>
                <updateDt>2020-04-02 10:13:00.00</updateDt>
            </item>
            <item>
                <accDefRate>2.4414636435</accDefRate>
                <accExamCnt>421547</accExamCnt>
                <accExamCompCnt>404962</accExamCompCnt>
                <careCnt>4216</careCnt>
                <clearCnt>5567</clearCnt>
                <createDt>2020-04-01 10:13:22.22</createDt>
                <deathCnt>165</deathCnt>
                <decideCnt>9887</decideCnt>
                <examCnt>16585</examCnt>
                <resutlNegCnt>395075</resutlNegCnt>
                <seq>92</seq>
                <stateDt>20200401</stateDt>
                <stateTime>00:00</stateTime>
                <updateDt>2020-04-01 10:13:22.22</updateDt>
            </item>
            <item>
                <accDefRate>2.4858257635</accDefRate>
                <accExamCnt>410564</accExamCnt>
                <accExamCompCnt>393672</accExamCompCnt>
                <careCnt>4275</careCnt>
                <clearCnt>5408</clearCnt>
                <createDt>2020-03-31 11:00:44.44</createDt>
                <deathCnt>162</deathCnt>
                <decideCnt>9786</decideCnt>
                <examCnt>16892</examCnt>
                <resutlNegCnt>383886</resutlNegCnt>
                <seq>91</seq>
                <stateDt>20200331</stateDt>
                <stateTime>00:00</stateTime>
                <updateDt>2020-03-31 11:00:44.44</updateDt>
            </item>
            <item>
                <accDefRate>2.5312906936</accDefRate>
                <accExamCnt>395194</accExamCnt>
                <accExamCompCnt>381663</accExamCompCnt>
                <careCnt>4398</careCnt>
                <clearCnt>5228</clearCnt>
                <createDt>2020-03-30 10:32:34.34</createDt>
                <deathCnt>158</deathCnt>
                <decideCnt>9661</decideCnt>
                <examCnt>13531</examCnt>
                <resutlNegCnt>372002</resutlNegCnt>
                <seq>90</seq>
                <stateDt>20200330</stateDt>
                <stateTime>00:00</stateTime>
                <updateDt>2020-03-30 10:32:34.34</updateDt>
            </item>
            <item>
                <accDefRate>2.5277423881</accDefRate>
                <accExamCnt>394141</accExamCnt>
                <accExamCompCnt>379113</accExamCompCnt>
                <careCnt>4523</careCnt>
                <clearCnt>5033</clearCnt>
                <createDt>2020-03-29 10:10:20.20</createDt>
                <deathCnt>152</deathCnt>
                <decideCnt>9583</decideCnt>
                <examCnt>15028</examCnt>
                <resutlNegCnt>369530</resutlNegCnt>
                <seq>89</seq>
                <stateDt>20200329</stateDt>
                <stateTime>00:00</stateTime>
                <updateDt>2020-03-29 10:10:20.20</updateDt>
            </item>
            <item>
                <accDefRate>2.5522335409</accDefRate>
                <accExamCnt>387925</accExamCnt>
                <accExamCompCnt>371361</accExamCompCnt>
                <careCnt>4665</careCnt>
                <clearCnt>4811</clearCnt>
                <createDt>2020-03-28 10:30:06.06</createDt>
                <deathCnt>144</deathCnt>
                <decideCnt>9478</decideCnt>
                <examCnt>16564</examCnt>
                <resutlNegCnt>361883</resutlNegCnt>
                <seq>88</seq>
                <stateDt>20200328</stateDt>
                <stateTime>00:00</stateTime>
                <updateDt>2020-03-28 10:30:06.06</updateDt>
            </item>
            <item>
                <accDefRate>2.5797391511</accDefRate>
                <accExamCnt>376961</accExamCnt>
                <accExamCompCnt>361742</accExamCompCnt>
                <careCnt>4966</careCnt>
                <clearCnt>4528</clearCnt>
                <createDt>2020-03-27 10:17:01.01</createDt>
                <deathCnt>139</deathCnt>
                <decideCnt>9332</decideCnt>
                <examCnt>15219</examCnt>
                <resutlNegCnt>352410</resutlNegCnt>
                <seq>87</seq>
                <stateDt>20200327</stateDt>
                <stateTime>00:00</stateTime>
                <updateDt>2020-03-27 10:17:01.01</updateDt>
            </item>
            <item>
                <accDefRate>2.6359702544</accDefRate>
                <accExamCnt>364942</accExamCnt>
                <accExamCompCnt>350573</accExamCompCnt>
                <careCnt>5281</careCnt>
                <clearCnt>4144</clearCnt>
                <createDt>2020-03-26 10:40:50.50</createDt>
                <deathCnt>131</deathCnt>
                <decideCnt>9241</decideCnt>
                <examCnt>14369</examCnt>
                <resutlNegCnt>341332</resutlNegCnt>
                <seq>86</seq>
                <stateDt>20200326</stateDt>
                <stateTime>00:00</stateTime>
                <updateDt>2020-03-26 10:40:50.50</updateDt>
            </item>
            <item>
                <accDefRate>2.6590574416</accDefRate>
                <accExamCnt>357896</accExamCnt>
                <accExamCompCnt>343618</accExamCompCnt>
                <careCnt>5410</careCnt>
                <clearCnt>3730</clearCnt>
                <createDt>2020-03-25 10:12:04.04</createDt>
                <deathCnt>126</deathCnt>
                <decideCnt>9137</decideCnt>
                <examCnt>14278</examCnt>
                <resutlNegCnt>334481</resutlNegCnt>
                <seq>85</seq>
                <stateDt>20200325</stateDt>
                <stateTime>00:00</stateTime>
                <updateDt>2020-03-25 10:12:04.04</updateDt>
            </item>
            <item>
                <accDefRate>2.7126570651</accDefRate>
                <accExamCnt>348582</accExamCnt>
                <accExamCompCnt>333142</accExamCompCnt>
                <careCnt>5684</careCnt>
                <clearCnt>3507</clearCnt>
                <createDt>2020-03-24 10:20:57.57</createDt>
                <deathCnt>120</deathCnt>
                <decideCnt>9037</decideCnt>
                <examCnt>15440</examCnt>
                <resutlNegCnt>324105</resutlNegCnt>
                <seq>84</seq>
                <stateDt>20200324</stateDt>
                <stateTime>00:00</stateTime>
                <updateDt>2020-03-24 10:20:57.57</updateDt>
            </item>
            <item>
                <accDefRate>2.7622623363</accDefRate>
                <accExamCnt>338036</accExamCnt>
                <accExamCompCnt>324408</accExamCompCnt>
                <careCnt>5884</careCnt>
                <clearCnt>3166</clearCnt>
                <createDt>2020-03-23 10:27:32.32</createDt>
                <deathCnt>111</deathCnt>
                <decideCnt>8961</decideCnt>
                <examCnt>13628</examCnt>
                <resutlNegCnt>315447</resutlNegCnt>
                <seq>82</seq>
                <stateDt>20200323</stateDt>
                <stateTime>00:00</stateTime>
                <updateDt>2020-03-23 10:27:32.32</updateDt>
            </item>
            <item>
                <accDefRate>2.8045013239</accDefRate>
                <accExamCnt>331780</accExamCnt>
                <accExamCompCnt>317240</accExamCompCnt>
                <careCnt>6085</careCnt>
                <clearCnt>2909</clearCnt>
                <createDt>2020-03-22 10:07:28.28</createDt>
                <deathCnt>104</deathCnt>
                <decideCnt>8897</decideCnt>
                <examCnt>14540</examCnt>
                <resutlNegCnt>308343</resutlNegCnt>
                <seq>81</seq>
                <stateDt>20200322</stateDt>
                <stateTime>00:00</stateTime>
                <updateDt>2020-03-22 10:07:28.28</updateDt>
            </item>
            <item>
                <accDefRate>2.8219560302</accDefRate>
                <accExamCnt>327509</accExamCnt>
                <accExamCompCnt>311805</accExamCompCnt>
                <careCnt>6325</careCnt>
                <clearCnt>2612</clearCnt>
                <createDt>2020-03-21 10:02:58.58</createDt>
                <deathCnt>102</deathCnt>
                <decideCnt>8799</decideCnt>
                <examCnt>15704</examCnt>
                <resutlNegCnt>303006</resutlNegCnt>
                <seq>80</seq>
                <stateDt>20200321</stateDt>
                <stateTime>00:00</stateTime>
                <updateDt>2020-03-21 10:02:58.58</updateDt>
            </item>
            <item>
                <accDefRate>2.8730918280</accDefRate>
                <accExamCnt>316664</accExamCnt>
                <accExamCompCnt>301139</accExamCompCnt>
                <careCnt>6527</careCnt>
                <clearCnt>2233</clearCnt>
                <createDt>2020-03-20 10:15:59.59</createDt>
                <deathCnt>94</deathCnt>
                <decideCnt>8652</decideCnt>
                <examCnt>15525</examCnt>
                <resutlNegCnt>292487</resutlNegCnt>
                <seq>79</seq>
                <stateDt>20200320</stateDt>
                <stateTime>00:00</stateTime>
                <updateDt>2020-03-20 10:15:59.59</updateDt>
            </item>
            <item>
                <accDefRate>2.9420857378</accDefRate>
                <accExamCnt>307024</accExamCnt>
                <accExamCompCnt>291120</accExamCompCnt>
                <careCnt>6789</careCnt>
                <clearCnt>1947</clearCnt>
                <createDt>2020-03-19 10:07:57.57</createDt>
                <deathCnt>91</deathCnt>
                <decideCnt>8565</decideCnt>
                <examCnt>15904</examCnt>
                <resutlNegCnt>282555</resutlNegCnt>
                <seq>78</seq>
                <stateDt>20200319</stateDt>
                <stateTime>00:00</stateTime>
                <updateDt>2020-03-19 10:07:57.57</updateDt>
            </item>
            <item>
                <accDefRate>3.0121625056</accDefRate>
                <accExamCnt>295647</accExamCnt>
                <accExamCompCnt>279301</accExamCompCnt>
                <careCnt>6838</careCnt>
                <clearCnt>1540</clearCnt>
                <createDt>2020-03-18 10:26:15.15</createDt>
                <deathCnt>84</deathCnt>
                <decideCnt>8413</decideCnt>
                <examCnt>16346</examCnt>
                <resutlNegCnt>270888</resutlNegCnt>
                <seq>77</seq>
                <stateDt>20200318</stateDt>
                <stateTime>00:00</stateTime>
                <updateDt>2020-03-18 10:26:15.15</updateDt>
            </item>
            <item>
                <accDefRate>3.0880579010</accDefRate>
                <accExamCnt>286716</accExamCnt>
                <accExamCompCnt>269425</accExamCompCnt>
                <careCnt>7024</careCnt>
                <clearCnt>1401</clearCnt>
                <createDt>2020-03-17 10:29:38.38</createDt>
                <deathCnt>81</deathCnt>
                <decideCnt>8320</decideCnt>
                <examCnt>17291</examCnt>
                <resutlNegCnt>261105</resutlNegCnt>
                <seq>76</seq>
                <stateDt>20200317</stateDt>
                <stateTime>00:00</stateTime>
                <updateDt>2020-03-17 10:29:38.38</updateDt>
            </item>
            <item>
                <accDefRate>3.1733922083</accDefRate>
                <accExamCnt>274504</accExamCnt>
                <accExamCompCnt>259533</accExamCompCnt>
                <careCnt>7253</careCnt>
                <clearCnt>1137</clearCnt>
                <createDt>2020-03-16 10:12:33.33</createDt>
                <deathCnt>75</deathCnt>
                <decideCnt>8236</decideCnt>
                <examCnt>14971</examCnt>
                <resutlNegCnt>251297</resutlNegCnt>
                <seq>75</seq>
                <stateDt>20200316</stateDt>
                <stateTime>00:00</stateTime>
                <updateDt>2020-03-16 10:12:33.33</updateDt>
            </item>
            <item>
                <accDefRate>3.2396602365</accDefRate>
                <accExamCnt>268212</accExamCnt>
                <accExamCompCnt>251940</accExamCompCnt>
                <careCnt>7300</careCnt>
                <clearCnt>834</clearCnt>
                <createDt>2020-03-15 10:01:22.22</createDt>
                <deathCnt>75</deathCnt>
                <decideCnt>8162</decideCnt>
                <examCnt>16272</examCnt>
                <resutlNegCnt>243778</resutlNegCnt>
                <seq>74</seq>
                <stateDt>20200315</stateDt>
                <stateTime>00:00</stateTime>
                <updateDt>2020-03-15 10:01:22.22</updateDt>
            </item>
            <item>
                <accDefRate>3.3180003364</accDefRate>
                <accExamCnt>261335</accExamCnt>
                <accExamCompCnt>243701</accExamCompCnt>
                <careCnt>7402</careCnt>
                <clearCnt>714</clearCnt>
                <createDt>2020-03-14 10:29:11.11</createDt>
                <deathCnt>72</deathCnt>
                <decideCnt>8086</decideCnt>
                <examCnt>17634</examCnt>
                <resutlNegCnt>235615</resutlNegCnt>
                <seq>73</seq>
                <stateDt>20200314</stateDt>
                <stateTime>00:00</stateTime>
                <updateDt>2020-03-14 10:29:11.11</updateDt>
            </item>
            <item>
                <accDefRate>3.4584993086</accDefRate>
                <accExamCnt>248647</accExamCnt>
                <accExamCompCnt>230707</accExamCompCnt>
                <careCnt>7470</careCnt>
                <clearCnt>510</clearCnt>
                <createDt>2020-03-13 10:07:22.22</createDt>
                <deathCnt>67</deathCnt>
                <decideCnt>7979</decideCnt>
                <examCnt>17940</examCnt>
                <resutlNegCnt>222728</resutlNegCnt>
                <seq>72</seq>
                <stateDt>20200313</stateDt>
                <stateTime>00:00</stateTime>
                <updateDt>2020-03-13 10:07:22.22</updateDt>
            </item>
            <item>
                <accDefRate>3.6217442732</accDefRate>
                <accExamCnt>234998</accExamCnt>
                <accExamCompCnt>217271</accExamCompCnt>
                <careCnt>7407</careCnt>
                <clearCnt>333</clearCnt>
                <createDt>2020-03-12 10:37:03.03</createDt>
                <deathCnt>66</deathCnt>
                <decideCnt>7869</decideCnt>
                <examCnt>17727</examCnt>
                <resutlNegCnt>209402</resutlNegCnt>
                <seq>71</seq>
                <stateDt>20200312</stateDt>
                <stateTime>00:00</stateTime>
                <updateDt>2020-03-12 10:37:03.03</updateDt>
            </item>
            <item>
                <accDefRate>3.8041745358</accDefRate>
                <accExamCnt>222395</accExamCnt>
                <accExamCompCnt>203855</accExamCompCnt>
                <careCnt>7212</careCnt>
                <clearCnt>288</clearCnt>
                <createDt>2020-03-11 10:17:19.19</createDt>
                <deathCnt>60</deathCnt>
                <decideCnt>7755</decideCnt>
                <examCnt>18540</examCnt>
                <resutlNegCnt>196100</resutlNegCnt>
                <seq>70</seq>
                <stateDt>20200311</stateDt>
                <stateTime>00:00</stateTime>
                <updateDt>2020-03-11 10:17:19.19</updateDt>
            </item>
            <item>
                <accDefRate>3.9193080566</accDefRate>
                <accExamCnt>210144</accExamCnt>
                <accExamCompCnt>191692</accExamCompCnt>
                <careCnt>7165</careCnt>
                <clearCnt>247</clearCnt>
                <createDt>2020-03-10 10:20:27.27</createDt>
                <deathCnt>54</deathCnt>
                <decideCnt>7513</decideCnt>
                <examCnt>18452</examCnt>
                <resutlNegCnt>184179</resutlNegCnt>
                <seq>69</seq>
                <stateDt>20200310</stateDt>
                <stateTime>00:00</stateTime>
                <updateDt>2020-03-10 10:20:27.27</updateDt>
            </item>
        </items>
        <numOfRows>10</numOfRows>
        <pageNo>1</pageNo>
        <totalCount>128</totalCount>
    </body>
</response>