﻿시도명 (sidoNm), 시군구명 (sgguNm), 기관명 (yadmNm), 선정유형 (hospTyTpCd), 전화번호(telno), 운영가능일자 (adtFrDd) , 구분코드 (spclAdmTyCd)
충북, 진천군, 의료법인 건명의료재단 진천성모병원, B, 043-533-1711, 20200520, A0
경기, 수원시 권선구, 의료법인 명인의료재단 화홍병원, A, 031-278-0119, 20200511, A0
충북, 청주시 서원구, 충청북도 청주의료원, B, 043-279-2300, 20200514, A0
강원, 춘천시, 강원대학교병원, B, 033-258-2000, 20200225, A0
전남, 여수시, 여천전남병원, A, 061-690-6000, 20200302, A0
대전, 서구, 학교법인 건양교육재단 건양대학교병원, B, 042-600-9999, 20200306, A0
경기, 용인시 기흥구, 강남병원, B, 031-300-0114, 20200302, A0
경기, 파주시, 메디인병원, A, 031-9431-1912, 20200226, A0
경기, 구리시, 한양대학교구리병원, B, -1644-9118, 20200225, A0
경기, 고양시 덕양구, 의료법인명지의료재단명지병원, B, 031-810-5114, 20200225, A0
경기, 용인시 처인구, (의)영문의료재단 다보스병원, A, 031-8021-2000, 20200225, A0
경기, 남양주시, 현대병원, B, 031-574-9118, 20200225, A0
경기, 부천시, 부천세종병원, B, -1599-6677, 20200225, A0
경기, 화성시, 의료법인 원광의료재단 원광종합병원, A, 031-8077-7200, 20200226, A0
경기, 안성시, 안성성모병원, A, 031-675-6007, 20200226, A0
경기, 시흥시, 의료법인 남촌의료재단 시화병원, A, -1811-7000, 20200226, A0
경기, 김포시, 의료법인우리의료재단김포우리병원, B, 031-999-1000, 20200225, A0
경기, 고양시 일산서구, 인제대학교일산백병원, B, 031-910-7114, 20200225, A0
경기, 화성시, 화성디에스병원, B, -1600-5982, 20200225, A0
서울, 강동구, 성심의료재단강동성심병원, A, 02-2224-2114, 20200309, A0
서울, 광진구, 건국대학교병원, B, -1588-1533, 20200309, A0
경기, 여주시, 세종여주병원, B, 031-880-7700, 20200309, A0
울산, 남구, 의료법인 은성의료재단 좋은삼정병원, A, 052-220-7500, 20200305, A0
경기, 광명시, 광명성애병원, A, 02-2680-7114, 20200306, A0
경기, 군포시, 원광대학교 산본병원, A, 031-390-2300, 20200309, A0
충북, 청주시 청원구, 청주성모병원, A, 043-219-8000, 20200309, A0
서울, 광진구, 혜민병원, A, 02-2049-9036, 20200304, A0
서울, 노원구, 한국원자력의학원원자력병원, A, 02-970-2114, 20200304, A0
서울, 영등포구, 성애의료재단 성애병원, A, 02-840-7114, 20200304, A0
광주, 서구, 서광병원, A, 062-600-8000, 20200304, A0
경기, 부천시, 순천향대학교부속부천병원, B, 032-621-5114, 20200226, A0
경기, 김포시, 의료법인인봉의료재단뉴고려병원, B, 031-998-8129, 20200226, A0
경기, 화성시, 한림대학교동탄성심병원, B, 031-8086-3000, 20200226, A0
경기, 고양시 일산동구, 동국대학교일산불교병원, B, 031-1577-7000, 20200226, A0
경기, 평택시, 의료법인백송의료재단 굿모닝병원, B, 031-5182-7700, 20200227, A0
경기, 부천시, 가톨릭대학교부천성모병원, B, 032-1577-0675, 20200226, A0
경기, 수원시 영통구, 아주대학교병원, B, 031-219-5114, 20200227, A0
경남, 창원시 진해구, 연세에스병원, A, 055-548-7700, 20200225, A0
경남, 창원시 마산회원구, 의료법인청아의료재단청아병원, A, 055-230-1500, 20200226, A0
경남, 양산시, 양산부산대학교병원, B, 055-360-1000, 20200227, A0
경남, 진주시, 진주고려병원, A, 055-751-2500, 20200228, A0
경북, 안동시, 안동성소병원, A, 054-850-8114, 20200226, A0
경북, 경주시, 동국대학교의과대학경주병원, A, 054-748-9300, 20200227, A0
인천, 중구, 인하대학교의과대학부속병원, B, 032-890-2114, 20200302, A0
서울, 영등포구, 가톨릭대학교 여의도성모병원, B, -1661-7575, 20200309, A0
광주, 광산구, KS병원, A, 062-975-9000, 20200310, A0
전남, 여수시, 여수전남병원, A, 061-640-7128, 20200310, A0
경북, 상주시, 상주적십자병원, A, 054-534-3501, 20200514, A0
전북, 전주시 덕진구, 전북대학교병원, A, 063-250-1114, 20200803, A0
광주, 광산구, 첨단종합병원, A, 062-601-8000, 20200307, A0
강원, 강릉시, 강릉아산병원, B, 033-610-3114, 20200312, A0
전북, 전주시 완산구, 의료법인영경의료재단전주병원, A, 063-220-7200, 20200306, A0
경북, 구미시, 순천향대학교 부속 구미병원, B, 054-468-9114, 20200305, A0
경북, 포항시 남구, 의료법인한성재단포항세명기독병원, B, 054-275-0005, 20200306, A0
인천, 서구, 가톨릭관동대학교 국제성모병원, B, 032-1600-8291, 20200311, A0
전남, 고흥군, 의료법인장호의료재단 녹동현대병원, B, 061-840-1200, 20200316, A0
경기, 안양시 동안구, 한림대학교성심병원, A, 031-380-1500, 20200713, A0
인천, 동구, 인천광역시의료원, A, 032-580-6000, 20200317, A0
서울, 은평구, 가톨릭대학교 은평성모병원, B, 02-1811-7755, 20200316, A0
경기, 용인시 기흥구, 연세대학교 의과대학 용인세브란스병원, B, -1899-1004, 20200323, A0
인천, 연수구, (의)나사렛의료재단 나사렛국제병원, A, 032-899-9999, 20200423, A0
충남, 천안시 동남구, 천안우리병원, A, 041-590-9000, 20200413, A0
경기, 성남시 중원구, 성남중앙병원, A, 031-743-3000, 20200416, A0
경기, 구리시, 재단법인원진녹색병원, A, 031-550-1111, 20200417, A0
서울, 송파구, 경찰병원, A, 02-3400-1114, 20200313, A0
인천, 서구, 온누리병원, A, 032-567-6200, 20200303, A0
경기, 의정부시, 가톨릭대학교의정부성모병원, B, -1661-7500, 20200303, A0
경기, 의정부시, 의료법인 영동의료재단 의정부백병원, A, 031-856-8111, 20200305, A0
전남, 여수시, 여수한국병원, A, 061-653-2000, 20200303, A0
경남, 거제시, 의료법인 성념의료재단맑은샘병원, A, 055-731-1240, 20200303, A0
서울, 강남구, 연세대학교의과대학 강남세브란스병원, B, 02-2019-3114, 20200228, A0
서울, 강동구, 한국보훈복지의료공단 중앙보훈병원, B, 02-2225-1111, 20200228, A0
서울, 동작구, 중앙대학교병원, B, -1800-1114, 20200228, A0
서울, 서대문구, 학교법인연세대학교의과대학세브란스병원, B, 02-2228-0114, 20200302, A0
서울, 성북구, 학교법인 고려중앙학원 고려대학교의과대학부속병원(안암병원), B, -1577-0083, 20200228, A0
서울, 양천구, 이화여자대학교의과대학부속목동병원, B, 02-2650-5114, 20200302, A0
서울, 용산구, 순천향대학교 부속 서울병원, B, 02-709-9114, 20200228, A0
서울, 금천구, 희명병원, B, 02-804-0002, 20200305, A0
대구, 달서구, 의료법인구의료재단 구병원, A, 053-560-9114, 20200302, A0
대구, 중구, 경북대학교병원, A, 053-200-5114, 20200228, A0
경기, 시흥시, 의료법인 녹향의료재단 신천연합병원, A, 031-310-6300, 20200228, A0
강원, 춘천시, 한림대학교부속 춘천성심병원, A, 033-240-5000, 20200228, A0
경북, 김천시, 의료법인덕산의료재단김천제일병원, A, 054-420-9300, 20200302, A0
경북, 문경시, 의료법인동춘의료재단문경제일병원, A, 054-550-7700, 20200228, A0
경북, 안동시, 의료법인안동병원, A, 054-840-1004, 20200228, A0
경남, 진주시, 제일병원, A, 055-750-7123, 20200228, A0
제주, 제주시, 의료법인 중앙의료재단 중앙병원, A, 064-786-7000, 20200228, A0
인천, 계양구, 한림병원, B, 032-540-9114, 20200228, A0
경기, 화성시, 의료법인 은혜와감사의료재단 화성중앙종합병원, A, 031-352-8114, 20200613, A0
서울, 동작구, 서울특별시보라매병원, A, 02-870-2114, 20200309, A0
인천, 미추홀구, 의료법인 인천사랑병원, A, 032-457-2000, 20200316, A0
서울, 관악구, 에이치플러스 양지병원, A, 02-1877-8875, 20200506, A0
서울, 도봉구, 의료법인한전의료재단 한일병원, A, 02-901-3114, 20200801, A0
서울, 영등포구, 한림대학교 강남성심병원, B, 02-829-5114, 20200225, A0
서울, 동대문구, 삼육서울병원, B, 02-2244-0191, 20200225, A0
서울, 동대문구, 경희대학교병원, B, 02-958-8114, 20200225, A0
서울, 성북구, 성북우리아이들병원, A, 02-912-0100, 20200225, A0
서울, 구로구, 의료법인 우리아이들 의료재단 우리아이들병원, A, 02-858-0100, 20200225, A0
서울, 중구, 인제대학교 서울백병원, A, 02-2270-0114, 20200226, A0
서울, 성동구, 한양대학교병원, B, 02-2290-8114, 20200226, A0
서울, 노원구, 인제대학교 상계백병원, A, 02-950-1114, 20200227, A0
서울, 서대문구, 의료법인동신의료재단 동신병원, A, 02-396-9161, 20200227, A0
서울, 종로구, 서울대학교병원, B, -1588-5700, 20200227, A0
서울, 노원구, 노원을지대학교병원, A, 02-970-8000, 20200227, A0
서울, 강동구, 강동경희대학교의대병원, B, 02-440-7114, 20200227, A0
서울, 중랑구, 의료법인풍산의료재단동부제일병원, A, 02-437-5011, 20200302, A0
울산, 울주군, 서울산보람병원, A, 052-255-7114, 20200227, A0
제주, 제주시, 제주대학교병원, B, 064-717-1114, 20200302, A0
충남, 논산시, 의료법인 백제병원, A, 041-733-2191, 20200225, A0
충남, 천안시 서북구, 의료법인 영서의료재단 천안충무병원, B, 041-570-7555, 20200225, A0
충남, 서산시, 서산중앙병원, A, 041-661-1000, 20200226, A0
충남, 천안시 동남구, 순천향대학교부속 천안병원, B, 041-570-2114, 20200227, A0
충북, 청주시 상당구, 의료법인 인화재단 한국병원, A, 043-222-7000, 20200225, A0
충북, 충주시, 건국대학교 충주병원, A, 043-840-8200, 20200227, A0
충북, 청주시 흥덕구, 의료법인한마음의료재단하나병원, A, 043-230-6114, 20200228, A0
충북, 제천시, 의료법인 자산의료재단 제천서울병원, A, 043-642-7606, 20200228, A0
충북, 제천시, 의료법인명지의료재단명지병원, A, 043-640-8114, 20200302, A0
인천, 강화군, 비에스종합병원, A, 032-290-0001, 20200313, A0
경기, 안성시, 경기도의료원 안성병원, A, 031-8046-5000, 20200806, A0
경기, 평택시, 의료법인 갈렌의료재단 박병원, B, 031-666-2600, 20200304, A0
전북, 군산시, 전라북도 군산의료원, A, 063-472-5000, 20200304, A0
경북, 상주시, 의료법인삼백의료재단상주성모병원, A, 054-532-5001, 20200304, A0
경남, 거제시, 의료법인 거붕 백병원, A, 055-733-0000, 20200305, A0
경기, 안산시 상록구, 근로복지공단안산병원, A, 031-500-1114, 20200305, A0
전남, 목포시, 목포시의료원, A, 061-260-6500, 20200305, A0
경북, 구미시, 차의과학대학교부속구미차병원, A, 054-450-9700, 20200305, A0
경기, 안산시 단원구, 의료법인 플러스의료재단 단원병원, A, 031-8040-6600, 20200901, A0
충남, 천안시 동남구, 충청남도 천안의료원, A, 041-570-7200, 20200514, A0
경기, 안양시 만안구, 효산의료재단 안양샘병원, A, 031-467-9717, 20200401, A0
경북, 영주시, 영주적십자병원, A, 054-630-0100, 20200519, A0
서울, 중구, 국립중앙의료원, A, 02-2260-7114, 20200403, A0
서울, 양천구, 메디힐병원, A, 02-2604-7551, 20200304, A0
서울, 서초구, 학교법인가톨릭학원가톨릭대학교서울성모병원, B, 02-1588-1511, 20200304, A0
서울, 종로구, 세란병원, A, 02-737-0181, 20200303, A0
부산, 기장군, (의)서일의료재단기장병원, A, 051-723-0171, 20200303, A0
부산, 동구, 의료법인정화의료재단 김원묵기념봉생병원, A, 051-664-4000, 20200303, A0
강원, 원주시, 강원도 원주의료원, A, 033-760-4605, 20200616, A0
경기, 성남시 수정구, 순천의료재단 정병원, A, 031-757-8900, 20200603, A0
경기, 오산시, 오산한국병원, A, 031-379-8300, 20200601, A0
대구, 남구, 드림종합병원, A, 053-640-8800, 20200608, A0
강원, 삼척시, 강원도 삼척의료원, A, 033-572-1141, 20200409, A0
전북, 전주시 덕진구, 의료법인영경의료재단호성전주병원, A, 063-240-8800, 20200310, A0
대전, 유성구, 의료법인영훈의료재단 유성선병원, A, 042-609-1000, 20200225, A0
대전, 중구, 학교법인가톨릭학원 가톨릭대학교 대전성모병원, B, 042-220-9114, 20200226, A0
대전, 서구, 학교법인 을지학원 대전을지대학교병원, B, 042-611-3000, 20200226, A0
부산, 연제구, 한양류마디병원, A, 051-752-1990, 20200225, A0
부산, 서구, 삼육부산병원, A, -242-9751, 20200226, A0
부산, 사상구, 의료법인은성의료재단좋은삼선병원, A, 051-322-0900, 20200225, A0
부산, 영도구, 영도병원, A, 051-414-8101, 20200225, A0
부산, 서구, 부산대학교병원, B, -240-7000, 20200227, A0
부산, 동구, 좋은문화병원, A, 051-644-2002, 20200225, A0
부산, 북구, 의료법인 인당의료재단 부민병원, A, 051-330-3000, 20200225, A0
부산, 수영구, 의료법인 은성의료재단 좋은강안병원, A, 051-625-0900, 20200226, A0
광주, 남구, 광주기독병원, B, 062-650-5000, 20200310, A0
전남, 목포시, 의료법인목포구암의료재단 목포중앙병원, B, 061-280-3000, 20200310, A0
경기, 남양주시, 남양주 한양병원, B, 031-510-0114, 20200319, A0
대구, 달서구, 삼일병원, B, 053-659-3100, 20200323, A0
전북, 전주시 덕진구, 전주고려병원, A, 063-240-7300, 20200326, A0
경기, 의정부시, 추병원, A, 031-845-7777, 20200407, A0
경기, 김포시, 히즈메디병원, B, -1588-0223, 20200603, A0
울산, 북구, 울산엘리야병원, A, 052-290-2100, 20200526, A0
충남, 아산시, 아산충무병원, B, 041-536-6666, 20200227, A0
대구, 남구, 영남대학교병원, A, 053-623-8001, 20200302, A0
전북, 익산시, 익산병원, A, 063-840-9114, 20200320, A0
경남, 창원시 의창구, 창원한마음병원, A, 055-225-0000, 20200408, A0
인천, 남동구, 국제바로병원, A, 032-722-8585, 20200602, A0
대구, 동구, 대구파티마병원, A, 053-1688-7770, 20200622, A0
경남, 창원시 성산구, 창원경상국립대학교병원, A, 055-214-2000, 20200803, A0
서울, 은평구, 의료법인 청구성심병원, B, 02-350-3300, 20200319, A0
서울, 종로구, 서울적십자병원, A, 02-2002-8000, 20200309, A0
경기, 부천시, 부천우리병원, A, 032-672-4100, 20200311, A0
경기, 성남시 분당구, 대진의료재단 분당제생병원, B, 031-779-0114, 20200507, A0
서울, 동대문구, 서울성심병원, A, 02-966-1616, 20200316, A0
인천, 서구, 검단탑병원, A, 032-590-0114, 20200828, A0
울산, 동구, 학교법인 울산공업학원 울산대학교병원, B, 052-250-7000, 20200225, A0
울산, 북구, 의료법인 송은의료재단 울산시티병원, A, 052-280-9000, 20200226, A0
울산, 남구, 의료법인혜명심의료재단 울산병원, A, 052-259-5000, 20200227, A0
인천, 계양구, 인천세종병원, B, 032-240-8000, 20200225, A0
인천, 중구, 인천기독병원, A, 032-270-8000, 20200226, A0
인천, 동구, 의료법인 성수의료재단 인천백병원, A, 032-765-7070, 20200227, A0
인천, 서구, 의료법인루가의료재단 나은병원, B, 032-584-0114, 20200226, A0
인천, 남동구, 의료법인 길의료재단 길병원, B, 032-1577-2299, 20200227, A0
인천, 부평구, 가톨릭대학교인천성모병원, B, 032-1544-9004, 20200302, A0
전남, 목포시, 목포기독병원, B, 061-280-7500, 20200226, A0
전남, 순천시, 성가롤로병원, B, 061-720-2000, 20200227, A0
전북, 전주시 덕진구, 대자인병원, A, 063-240-2000, 20200225, A0
전북, 군산시, 의료법인 오성의료재단 동군산병원, B, 063-440-0300, 20200302, A0
제주, 제주시, 제주한라병원, B, 064-740-5000, 20200227, A0
서울, 양천구, 홍익병원, A, 02-2693-5555, 20200313, A0
서울, 구로구, 구로성심병원, A, 02-2067-1500, 20200330, A0
세종, 세종특별자치시, 의료법인 영제 의료재단 엔케이세종병원, A, 044-850-7700, 20200624, A0
서울, 구로구, 고려대학교의과대학부속구로병원, B, 02-2626-1114, 20200302, A0
서울, 종로구, 강북삼성병원, B, 02-2001-2001, 20200316, A0
부산, 남구, 부산성모병원(재단법인 천주교부산교구유지재단), A, 051-933-7114, 20200302, A0
울산, 남구, 의료법인 정안의료재단 중앙병원, A, 052-226-1100, 20200302, A0
인천, 미추홀구, 현대유비스병원, A, 032-888-7575, 20200229, A0
인천, 서구, (의)성세의료재단 뉴성민병원, A, 032-726-1000, 20200229, A0
대구, 북구, 대구가톨릭대학교 칠곡가톨릭병원, A, 053-320-2500, 20200229, A0
경기, 군포시, 효산의료재단 지샘병원, A, 031-389-3000, 20200302, A0
경기, 부천시, 의료법인대인의료재단 다니엘종합병원, A, 032-670-0001, 20200229, A0
경기, 안산시 단원구, 고려대학교의과대학부속안산병원, B, 031-412-5653, 20200305, A0
충북, 청주시 상당구, 의료법인 정산의료재단 효성병원, A, 043-221-5000, 20200302, A0
충북, 청주시 흥덕구, 재단법인베스티안재단베스티안병원, A, 043-910-7575, 20200229, A0
충남, 천안시 동남구, 단국대학교의과대학부속병원, B, 041-1588-0063, 20200229, A0
전남, 목포시, 목포한국병원, B, 061-270-5800, 20200229, A0
경북, 포항시 북구, 의료법인은성의료재단좋은선린병원, A, 054-245-5338, 20200302, A0
경남, 진주시, 경상국립대학교병원, B, 055-750-8000, 20200302, A0
경남, 진주시, 한일병원, A, 055-759-7777, 20200229, A0
경남, 창원시 성산구, CNA서울아동병원, A, 055-262-8511, 20200304, A0
제주, 제주시, 한마음병원, A, 064-750-9000, 20200302, A0
경기, 의정부시, 학교법인 을지학원 의정부을지대학교병원, B, 031-951-1000, 20210329, A0
광주, 광산구, 하나아동병원, A, 062-975-3300, 20210201, A0
충남, 천안시 서북구, 두정이진병원, A, 041-562-2021, 20201110, A0
대전, 중구, 의료법인 영훈의료재단 대전선병원, A, 042-220-8114, 20201216, A0
충남, 아산시, 꿈크는아이병원, A, 041-533-3391, 20210105, A0
경남, 사천시, 사천서울아동병원, A, 055-852-8175, 20201214, A0
경기, 고양시 덕양구, 의료법인자인의료재단자인메디병원, A, 031-930-3114, 20201224, A0
경남, 거제시, 서울아동병원, A, 055-633-7599, 20210125, A0
경기, 광명시, 아이원병원, A, -1833-7588, 20201118, A0
부산, 영도구, 아이(i)서울병원, A, 051-730-8300, 20210118, A0
경기, 남양주시, 아이맘어린이병원, A, 031-563-9999, 20210227, A0
전남, 목포시, 목포아동병원, A, 061-801-8001, 20210303, A0
광주, 동구, 전남대학교병원, A, 062-1899-0000, 20200923, A0
경기, 평택시, 의료법인 박애의료재단 박애병원, A, 031-652-2121, 20210101, A0
경기, 화성시, 센트럴아동병원, A, 031-8060-5000, 20201203, A0
광주, 남구, 미래아동병원, A, 062-600-2500, 20201203, A0
경기, 성남시 분당구, 차의과학대학교분당차병원, B, 031-780-5000, 20201207, A0
전남, 고흥군, 의료법인영성의료재단 고흥종합병원, B, 061-835-6000, 20201203, A0
부산, 동래구, 의료법인 광혜의료재단 광혜병원, A, 051-503-2111, 20201101, A0
전북, 군산시, 키움병원, A, 063-467-0001, 20210310, A0
광주, 북구, 북구미래아동병원, A, 062-250-2500, 20210206, A0
부산, 남구, 부산아동병원, A, 051-612-7582, 20210325, A0
경남, 김해시, 진영새싹병원, A, 055-724-3119, 20210325, A0
인천, 연수구, 인천적십자병원, B, 032-899-4000, 20201118, A0
부산, 동래구, 대동병원, A, 051-554-1233, 20201020, A0
부산, 연제구, 부산광역시의료원, A, 051-507-3000, 20201014, A0
경기, 오산시, 서울어린이병원, A, 031-375-4197, 20210109, A0
전남, 나주시, 엔에이치미래아동병원, A, 061-338-7700, 20210112, A0
인천, 서구, 청라연세어린이병원, A, 032-590-1500, 20210112, A0
광주, 광산구, 광산수완미래아동병원, A, 062-605-2500, 20210115, A0
경남, 김해시, 아이사랑병원, A, 055-325-5775, 20210220, A0
경기, 평택시, 의료법인 양진의료재단 평택성모병원, B, -1800-8800, 20201228, A0
부산, 강서구, 명지아동병원, A, 051-717-0230, 20210113, A0
경남, 거제시, 거제아동병원, A, 055-632-8225, 20210201, A0
대전, 유성구, 코젤병원, A, 042-829-0000, 20210401, A0
전북, 전주시 완산구, 미르아동병원, A, 063-229-0114, 20210129, A0
광주, 광산구, 광산하나아동병원, A, 062-467-3300, 20210201, A0
부산, 부산진구, 의료법인 온그룹의료재단 온종합병원, A, 051-607-0133, 20200801, A0
전북, 전주시 완산구, 전주다솔아동병원, A, 063-280-0800, 20201116, A0
부산, 해운대구, 해운대푸른바다어린이병원, A, 051-714-3501, 20210119, A0
대전, 유성구, 대전코젤병원, A, 042-520-0000, 20210222, A0
대전, 동구, 대전한국병원, A, 042-606-1000, 20201215, A0
경기, 시흥시, 의료법인 석경의료재단 센트럴병원, B, 031-8041-3000, 20201030, A0
경남, 창원시 마산회원구, 양덕서울아동병원, A, 055-299-8275, 20210112, A0
경남, 거제시, 대우아동병원, A, 055-687-8595, 20210203, A0
부산, 강서구, 행복한어린이병원, A, 051-264-9500, 20201220, A0
경기, 오산시, 웰봄병원, A, 031-373-7585, 20210503, A0
서울, 중랑구, 서울특별시서울의료원, B, 02-2276-7000, 20210302, A0
서울, 중랑구, 녹색병원, A, 02-490-2000, 20200408, A0
부산, 동래구, 동래봉생병원, A, 051-531-6000, 20201116, A0
부산, 영도구, 의료법인 행도의료재단 해동병원, A, 051-412-6161, 20210101, A0
충남, 아산시, 현대병원, B, 041-546-3636, 20200923, A0
경기, 이천시, 경기도의료원 이천병원, A, 031-630-4200, 20201214, A0
부산, 기장군, 정관우리아동병원, A, 051-727-7812, 20210315, A0
경기, 성남시 분당구, 분당서울대학교병원, A, 031-787-2114, 20210407, A0
대전, 유성구, 봉키병원, A, 042-1522-6705, 20201208, A0
대전, 서구, 조이병원, A, 042-485-2235, 20210402, A0
경남, 거제시, 의료법인 대우의료재단대우병원, A, 055-680-8114, 20201102, A0
경기, 고양시 일산동구, 국민건강보험공단일산병원, A, -1577-0013, 20201224, A0
