﻿시도명 (sidoNm), 시군구명 (sgguNm), 기관명 (yadmNm), 선정유형 (hospTyTpCd), 전화번호(telno), 운영가능일자 (adtFrDd) , 구분코드 (spclAdmTyCd)
서울, 강남구, 강남구보건소, None, 02-3423-7200, 20200104, 99
서울, 강남구, 삼성서울병원, None, 02-3410-2114, 20200104, 99
서울, 강남구, 연세대학교의과대학 강남세브란스병원, None, 02-2019-3114, 20200104, 99
서울, 강동구, 강동경희대학교의대병원, None, 02-440-7114, 20200104, 99
서울, 강동구, 강동구보건소, None, 02-3425-6655, 20200104, 99
서울, 강동구, 성심의료재단강동성심병원, None, 02-2224-2114, 20200104, 99
서울, 강동구, 한국보훈복지의료공단 중앙보훈병원, None, 02-2225-1111, 20200104, 99
서울, 강북구, 강북구보건소, None, 02-901-7604, 20200104, 99
서울, 강서구, 서울특별시강서구보건소, None, 02-2600-5814, 20200104, 99
서울, 강서구, 이화여자대학교의과대학부속서울병원, None, -1522-7000, 20200104, 99
서울, 관악구, 관악구보건소, None, 02-879-7103, 20200104, 99
서울, 관악구, 에이치플러스 양지병원, None, 02-1877-8875, 20200104, 99
서울, 광진구, 광진구보건소, None, 02-450-1998, 20200104, 99
서울, 광진구, 건국대학교병원, None, -1588-1533, 20200104, 99
서울, 구로구, 구로구보건소, None, 02-860-2600, 20200104, 99
서울, 구로구, 고려대학교의과대학부속구로병원, None, 02-2626-1114, 20200104, 99
서울, 금천구, 서울특별시금천구보건소, None, 02-890-2422, 20200104, 99
서울, 노원구, 노원구보건소, None, 02-2116-4311, 20200104, 99
서울, 노원구, 노원을지대학교병원, None, 02-970-8000, 20200104, 99
서울, 노원구, 인제대학교 상계백병원, None, 02-950-1114, 20200104, 99
서울, 도봉구, 도봉구보건소, None, 02-2091-4600, 20200104, 99
서울, 도봉구, 의료법인한전의료재단 한일병원, None, 02-901-3114, 20200104, 99
서울, 동대문구, 동대문구보건소, None, 02-2127-5366, 20200104, 99
서울, 동대문구, 경희대학교병원, None, 02-958-8114, 20200104, 99
서울, 동대문구, 삼육서울병원, None, 02-2244-0191, 20200104, 99
서울, 동작구, 서울특별시동작구보건소, None, 02-820-1423, 20200104, 99
서울, 동작구, 서울특별시보라매병원, None, 02-870-2114, 20200104, 99
서울, 마포구, 마포구보건소, None, -3153-9020, 20200104, 99
서울, 서대문구, 서대문구보건소, None, -330-1810, 20200104, 99
서울, 서대문구, 학교법인연세대학교의과대학세브란스병원, None, 02-2228-0114, 20200104, 99
서울, 서초구, 서초구보건소, None, 02-2155-6114, 20200104, 99
서울, 서초구, 학교법인가톨릭학원가톨릭대학교서울성모병원, None, 02-1588-1511, 20200104, 99
서울, 성동구, 서울특별시성동구보건소, None, 02-2286-7000, 20200104, 99
서울, 성동구, 한양대학교병원, None, 02-2290-8114, 20200104, 99
서울, 성북구, 성북구보건소, None, 02-2241-1749, 20200104, 99
서울, 성북구, 학교법인 고려중앙학원 고려대학교의과대학부속병원(안암병원), None, -1577-0083, 20200104, 99
서울, 송파구, 서울특별시송파구보건소, None, 02-2147-3458, 20200104, 99
서울, 송파구, 재단법인아산사회복지재단 서울아산병원, None, 02-3010-3114, 20200104, 99
서울, 양천구, 양천구보건소, None, 02-2620-4340, 20200104, 99
서울, 양천구, 이화여자대학교의과대학부속목동병원, None, 02-2650-5114, 20200104, 99
서울, 영등포구, 영등포구보건소, None, 02-2670-4823, 20200104, 99
서울, 영등포구, 한림대학교 강남성심병원, None, 02-829-5114, 20200104, 99
서울, 영등포구, 성애의료재단 성애병원, None, 02-840-7114, 20200104, 99
서울, 용산구, 용산구보건소, None, 02-2199-8390, 20200104, 99
서울, 용산구, 순천향대학교 부속 서울병원, None, 02-709-9114, 20200104, 99
서울, 은평구, 은평구보건소, None, 02-351-8114, 20200104, 99
서울, 은평구, 가톨릭대학교 은평성모병원, None, 02-1811-7755, 20200104, 99
서울, 종로구, 종로구보건소, None, 02-2148-3520, 20200104, 99
서울, 종로구, 서울대학교병원, None, -1588-5700, 20200104, 99
서울, 종로구, 강북삼성병원, None, 02-2001-2001, 20200104, 99
서울, 중구, 인제대학교 서울백병원, None, 02-2270-0114, 20200104, 99
서울, 중구, 국립중앙의료원, None, 02-2260-7114, 20200104, 99
서울, 중구, 서울특별시 중구보건소, None, 02-2250-4400, 20200104, 99
서울, 중랑구, 서울특별시중랑구보건소, None, 02-490-3741, 20200104, 99
서울, 중랑구, 서울특별시서울의료원, None, 02-2276-7000, 20200104, 99
부산, 강서구, 부산광역시강서구보건소, None, 051-970-3415, 20200104, 99
부산, 강서구, 의료법인 갑을의료재단 갑을녹산병원, None, 051-974-8300, 20200104, 99
부산, 금정구, 부산광역시금정구보건소, None, 051-519-5051, 20200104, 99
부산, 기장군, 동남권원자력의학원, None, 051-720-5114, 20200104, 99
부산, 기장군, 부산광역시기장군보건소, None, 051-709-4795, 20200104, 99
부산, 남구, 부산광역시남구보건소, None, 051-607-6460, 20200104, 99
부산, 남구, 부산성모병원(재단법인 천주교부산교구유지재단), None, 051-933-7114, 20200104, 99
부산, 동구, 의료법인정화의료재단 김원묵기념봉생병원, None, 051-664-4000, 20200104, 99
부산, 동구, 동구보건소, None, 051-440-6500, 20200104, 99
부산, 동래구, 대동병원, None, 051-554-1233, 20200104, 99
부산, 동래구, 부산광역시동래구보건소, None, 051-555-4000, 20200104, 99
부산, 부산진구, 인제대학교부산백병원, None, 051-890-6114, 20200104, 99
부산, 부산진구, 부산진구보건소, None, 051-645-4000, 20200104, 99
부산, 북구, 부산광역시북구보건소, None, 051-341-0117, 20200104, 99
부산, 사상구, 부산광역시 사상구보건소, None, 051-310-4791, 20200104, 99
부산, 사상구, 의료법인은성의료재단좋은삼선병원, None, 051-322-0900, 20200104, 99
부산, 사하구, 사하구보건소, None, 051-220-5701, 20200104, 99
부산, 서구, 서구보건소, None, 051-242-4000, 20200104, 99
부산, 서구, 부산대학교병원, None, -240-7000, 20200104, 99
부산, 서구, 동아대학교병원, None, 051-240-2400, 20200104, 99
부산, 서구, 고신대학교복음병원, None, -990-6114, 20200104, 99
부산, 수영구, 의료법인 은성의료재단 좋은강안병원, None, 051-625-0900, 20200104, 99
부산, 수영구, 비에이치에스한서병원, None, 051-756-0081, 20200104, 99
부산, 수영구, 수영구보건소, None, 051-752-4000, 20200104, 99
부산, 연제구, 부산 연제구보건소, None, 051-665-4793, 20200104, 99
부산, 연제구, 부산광역시의료원, None, 051-507-3000, 20200104, 99
부산, 영도구, 부산광역시영도구보건소, None, 051-419-4911, 20200104, 99
부산, 중구, 부산광역시중구보건소, None, 051-600-4741, 20200104, 99
부산, 해운대구, 부산광역시해운대구보건소, None, 051-749-7501, 20200104, 99
부산, 해운대구, 인제대학교 해운대백병원, None, 051-797-0100, 20200104, 99
대구, 남구, 영남대학교병원, None, 053-623-8001, 20200104, 99
대구, 남구, 대구가톨릭대학교병원, None, 053-650-3000, 20200104, 99
대구, 남구, 대구광역시남구보건소, None, 053-664-3601, 20200104, 99
대구, 달서구, 대구광역시달서구보건소, None, 053-667-3123, 20200104, 99
대구, 달서구, 계명대학교동산병원, None, -1577-6622, 20200104, 99
대구, 달성군, 달성군보건소, None, 053-668-3103, 20200104, 99
대구, 동구, 대구파티마병원, None, 053-1688-7770, 20200104, 99
대구, 동구, 동구보건소, None, 053-662-3200, 20200104, 99
대구, 북구, 칠곡경북대학교병원, None, 053-200-2000, 20200104, 99
대구, 북구, 대구광역시북구보건소, None, 053-665-3220, 20200104, 99
대구, 서구, 대구의료원, None, 053-560-7575, 20200104, 99
대구, 서구, 서구보건소, None, 053-663-3111, 20200104, 99
대구, 수성구, 대구광역시수성구보건소, None, 053-666-3111, 20200104, 99
대구, 중구, 경북대학교병원, None, 053-200-5114, 20200104, 99
대구, 중구, 대구광역시중구보건소, None, 053-661-3121, 20200104, 99
인천, 강화군, 강화군보건소, None, 032-930-4015, 20200104, 99
인천, 강화군, 비에스종합병원, None, 032-290-0001, 20200104, 99
인천, 계양구, 한림병원, None, 032-540-9114, 20200104, 99
인천, 계양구, 인천세종병원, None, 032-240-8000, 20200104, 99
인천, 계양구, 계양구 보건소, None, 032-430-7801, 20200104, 99
인천, 남동구, 의료법인 길의료재단 길병원, None, 032-1577-2299, 20200104, 99
인천, 남동구, 남동구보건소, None, 032-464-4001, 20200104, 99
인천, 동구, 인천광역시의료원, None, 032-580-6000, 20200104, 99
인천, 동구, 의료법인 성수의료재단 인천백병원, None, 032-765-7070, 20200104, 99
인천, 동구, 인천광역시동구보건소, None, 032-770-5700, 20200104, 99
인천, 미추홀구, 현대유비스병원, None, 032-888-7575, 20200104, 99
인천, 미추홀구, 미추홀구보건소, None, 032-880-5311, 20200104, 99
인천, 부평구, 가톨릭대학교인천성모병원, None, 032-1544-9004, 20200104, 99
인천, 부평구, 부평세림병원, None, 032-524-0591, 20200104, 99
인천, 부평구, 근로복지공단인천병원, None, 032-500-0114, 20200104, 99
인천, 부평구, 부평구보건소, None, 032-509-8200, 20200104, 99
인천, 서구, 가톨릭관동대학교 국제성모병원, None, 032-1600-8291, 20200104, 99
인천, 서구, 의료법인루가의료재단 나은병원, None, 032-584-0114, 20200104, 99
인천, 서구, (의)성세의료재단 뉴성민병원, None, 032-726-1000, 20200104, 99
인천, 서구, 검단탑병원, None, 032-590-0114, 20200104, 99
인천, 서구, 온누리병원, None, 032-567-6200, 20200104, 99
인천, 서구, 인천광역시서구보건소, None, 032-560-5000, 20200104, 99
인천, 연수구, (의)나사렛의료재단 나사렛국제병원, None, 032-899-9999, 20200104, 99
인천, 연수구, 연수구보건소, None, 032-749-8000, 20200104, 99
인천, 연수구, 인천적십자병원, None, 032-899-4000, 20200104, 99
인천, 미추홀구, 옹진군보건소, None, 032-899-3120, 20200104, 99
인천, 옹진군, 인천광역시의료원백령병원, None, 032-836-1731, 20200104, 99
인천, 중구, 인하대학교의과대학부속병원, None, 032-890-2114, 20200104, 99
인천, 중구, 인천기독병원, None, 032-270-8000, 20200104, 99
인천, 중구, 인천광역시중구보건소, None, 032-760-6010, 20200104, 99
광주, 광산구, 광산구보건소, None, 062-960-8746, 20200104, 99
광주, 광산구, 첨단종합병원, None, 062-601-8000, 20200104, 99
광주, 남구, 광주기독병원, None, 062-650-5000, 20200104, 99
광주, 남구, 광주광역시남구보건소, None, 062-607-4450, 20200104, 99
광주, 동구, 전남대학교병원, None, 062-1899-0000, 20200104, 99
광주, 동구, 조선대학교병원, None, 062-220-3321, 20200104, 99
광주, 동구, 광주광역시동구보건소, None, 062-608-3355, 20200104, 99
광주, 북구, 광주일곡병원, None, 062-608-7000, 20200104, 99
광주, 북구, 광주광역시북구보건소, None, 062-410-8961, 20200104, 99
광주, 서구, 서광병원, None, 062-600-8000, 20200104, 99
광주, 서구, 광주광역시서구보건소, None, 062-350-4116, 20200104, 99
대전, 대덕구, 대전광역시대덕구보건소, None, 042-608-5452, 20200104, 99
대전, 대덕구, 대전보훈병원, None, 042-939-0111, 20200104, 99
대전, 대덕구, 근로복지공단 대전병원, None, 042-670-5419, 20200104, 99
대전, 동구, 대전광역시동구보건소, None, 042-251-6178, 20200104, 99
대전, 서구, 대전광역시서구보건소, None, 042-288-4500, 20200104, 99
대전, 서구, 학교법인 건양교육재단 건양대학교병원, None, 042-600-9999, 20200104, 99
대전, 서구, 학교법인 을지학원 대전을지대학교병원, None, 042-611-3000, 20200104, 99
대전, 유성구, 유성구보건소, None, 042-611-5011, 20200104, 99
대전, 유성구, 의료법인영훈의료재단 유성선병원, None, 042-609-1000, 20200104, 99
대전, 중구, 중구보건소, None, 042-288-8000, 20200104, 99
대전, 중구, 충남대학교병원, None, 042-1599-7123, 20200104, 99
대전, 중구, 의료법인 영훈의료재단 대전선병원, None, 042-220-8114, 20200104, 99
대전, 중구, 학교법인가톨릭학원 가톨릭대학교 대전성모병원, None, 042-220-9114, 20200104, 99
울산, 남구, 의료법인혜명심의료재단 울산병원, None, 052-259-5000, 20200104, 99
울산, 남구, 의료법인 은성의료재단 좋은삼정병원, None, 052-220-7500, 20200104, 99
울산, 남구, 의료법인 정안의료재단 중앙병원, None, 052-226-1100, 20200104, 99
울산, 남구, 울산광역시남구보건소, None, 052-226-2805, 20200104, 99
울산, 동구, 학교법인 울산공업학원 울산대학교병원, None, 052-250-7000, 20200104, 99
서울, 서초구, 서울특별시어린이병원, None, 02-570-8000, 20200104, 99
서울, 송파구, 경찰병원, None, 02-3400-1114, 20200104, 99
강원, 고성군, 강원도 고성군보건소, None, 033-681-4000, 20200104, 99
울산, 동구, 울산동구보건소, None, 052-209-4080, 20200104, 99
울산, 북구, 의료법인 송은의료재단 울산시티병원, None, 052-280-9000, 20200104, 99
울산, 북구, 울산광역시북구보건소, None, 052-289-3450, 20200104, 99
울산, 울주군, 서울산보람병원, None, 052-255-7114, 20200104, 99
울산, 울주군, 울주군보건소, None, 052-265-9095, 20200104, 99
울산, 중구, 의료법인 동강의료재단 동강병원, None, 052-241-1114, 20200104, 99
울산, 중구, 울산광역시중구보건소, None, 052-290-4300, 20200104, 99
세종, 세종특별자치시, 세종특별자치시보건소, None, 044-301-2000, 20200104, 99
경기, 가평군, 가평군보건소, None, 031-582-2488, 20200104, 99
경기, 가평군, 에이치제이매그놀리아국제병원, None, 031-589-4300, 20200104, 99
경기, 고양시 덕양구, 고양시덕양구보건소, None, 031-8075-4006, 20200104, 99
경기, 고양시 덕양구, 의료법인명지의료재단명지병원, None, 031-810-5114, 20200104, 99
경기, 고양시 일산동구, 고양시일산동구보건소, None, 031-8075-4086, 20200104, 99
경기, 고양시 일산서구, 일산서구보건소, None, 031-8075-4167, 20200104, 99
경기, 고양시 일산서구, 인제대학교일산백병원, None, 031-910-7114, 20200104, 99
경기, 고양시 일산동구, 국민건강보험공단일산병원, None, -1577-0013, 20200104, 99
경기, 광명시, 광명성애병원, None, 02-2680-7114, 20200104, 99
경기, 광명시, 광명시보건소, None, 02-2680-2862, 20200104, 99
경기, 광주시, 광주시보건소, None, 031-760-2110, 20200104, 99
경기, 광주시, 참조은병원, None, -1600-9955, 20200104, 99
경기, 구리시, 구리시보건소, None, 031-550-8618, 20200104, 99
경기, 구리시, 한양대학교구리병원, None, -1644-9118, 20200104, 99
경기, 군포시, 효산의료재단 지샘병원, None, 031-389-3000, 20200104, 99
경기, 군포시, 원광대학교 산본병원, None, 031-390-2300, 20200104, 99
경기, 군포시, 군포시보건소, None, 031-461-5464, 20200104, 99
경기, 김포시, 의료법인우리의료재단김포우리병원, None, 031-999-1000, 20200104, 99
경기, 김포시, 의료법인인봉의료재단뉴고려병원, None, 031-998-8129, 20200104, 99
경기, 김포시, 김포시보건소, None, 031-980-5008, 20200104, 99
경기, 남양주시, 남양주보건소, None, 031-590-2552, 20200104, 99
경기, 남양주시, 남양주 풍양보건소, None, 031-590-4771, 20200104, 99
경기, 남양주시, 남양주 한양병원, None, 031-510-0114, 20200104, 99
경기, 남양주시, 현대병원, None, 031-574-9118, 20200104, 99
경기, 동두천시, 동두천시보건소, None, 031-860-3395, 20200104, 99
경기, 부천시, 순천향대학교부속부천병원, None, 032-621-5114, 20200104, 99
경기, 부천시, 가톨릭대학교부천성모병원, None, 032-1577-0675, 20200104, 99
경기, 성남시 중원구, 성남시중원구보건소, None, 031-729-3895, 20200104, 99
경기, 성남시 분당구, 성남시분당구보건소, None, 031-729-3990, 20200104, 99
경기, 성남시 분당구, 대진의료재단 분당제생병원, None, 031-779-0114, 20200104, 99
경기, 성남시 분당구, 차의과학대학교분당차병원, None, 031-780-5000, 20200104, 99
경기, 성남시 수정구, 수정구보건소, None, 031-729-3872, 20200104, 99
경기, 성남시 수정구, 성남시의료원, None, 031-738-7000, 20200104, 99
경기, 성남시 수정구, 순천의료재단 정병원, None, 031-757-8900, 20200104, 99
경기, 수원시 권선구, 수원시권선구보건소, None, 031-228-6716, 20200104, 99
경기, 수원시 영통구, 영통구보건소, None, 031-228-8808, 20200104, 99
경기, 수원시 장안구, 장안구보건소, None, 031-228-5715, 20200104, 99
경기, 수원시 팔달구, 수원시팔달구보건소, None, 031-228-7716, 20200104, 99
경기, 수원시 영통구, 아주대학교병원, None, 031-219-5114, 20200104, 99
경기, 수원시 장안구, 경기도의료원 수원병원, None, 031-888-0114, 20200104, 99
경기, 수원시 팔달구, 가톨릭대학교 성빈센트병원, None, 031-1577-8588, 20200104, 99
경기, 수원시 팔달구, 의료법인 녹산의료재단동수원병원, None, 031-210-0114, 20200104, 99
경기, 시흥시, 의료법인 석경의료재단 센트럴병원, None, 031-8041-3000, 20200104, 99
경기, 시흥시, 의료법인 녹향의료재단 신천연합병원, None, 031-310-6300, 20200104, 99
경기, 시흥시, 의료법인 남촌의료재단 시화병원, None, -1811-7000, 20200104, 99
경기, 시흥시, 시흥시보건소, None, 031-310-5813, 20200104, 99
경기, 시흥시, 시흥시보건소정왕보건지소, None, 031-310-5901, 20200104, 99
경기, 안산시 단원구, 안산시단원보건소, None, 031-1666-1234, 20200104, 99
경기, 안산시 단원구, 고려대학교의과대학부속안산병원, None, 031-412-5653, 20200104, 99
경기, 안산시 단원구, 대아의료재단한도병원, None, 031-8040-1114, 20200104, 99
경기, 안산시 상록구, 근로복지공단안산병원, None, 031-500-1114, 20200104, 99
경기, 안성시, 경기도의료원 안성병원, None, 031-8046-5000, 20200104, 99
경기, 안성시, 안성성모병원, None, 031-675-6007, 20200104, 99
경기, 안성시, 안성시보건소, None, 031-678-5710, 20200104, 99
경기, 안양시 동안구, 안양시 동안구보건소, None, 031-8045-4472, 20200104, 99
경기, 안양시 만안구, 안양시보건소 만안보건과, None, 031-8045-3472, 20200104, 99
경기, 안양시 동안구, 한림대학교성심병원, None, 031-380-1500, 20200104, 99
경기, 안양시 만안구, 효산의료재단 안양샘병원, None, 031-467-9717, 20200104, 99
경기, 양주시, 양주시보건소, None, 031-8082-7116, 20200104, 99
경기, 양평군, 양평군보건소, None, 031-770-3502, 20200104, 99
경기, 양평군, 양평병원, None, 031-770-5000, 20200104, 99
경기, 여주시, 세종여주병원, None, 031-880-7700, 20200104, 99
경기, 여주시, 여주시보건소, None, 031-887-3601, 20200104, 99
경기, 연천군, 연천군보건의료원, None, 031-839-4001, 20200104, 99
경기, 오산시, 오산시보건소, None, 031-8036-6025, 20200104, 99
경기, 오산시, 오산한국병원, None, 031-379-8300, 20200104, 99
경기, 용인시 기흥구, 기흥구보건소, None, 031-324-6940, 20200104, 99
경기, 용인시 수지구, 수지구보건소, None, 031-324-8940, 20200104, 99
경기, 용인시 기흥구, 강남병원, None, 031-300-0114, 20200104, 99
경기, 용인시 처인구, 처인구보건소, None, 031-324-4906, 20200104, 99
경기, 용인시 처인구, (의)영문의료재단 다보스병원, None, 031-8021-2000, 20200104, 99
경기, 용인시 기흥구, 연세대학교 의과대학 용인세브란스병원, None, -1899-1004, 20200104, 99
경기, 의왕시, 의왕시보건소, None, 031-345-3541, 20200104, 99
경기, 의정부시, 경기도의료원의정부병원, None, 031-828-5000, 20200104, 99
경기, 의정부시, 의정부시보건소, None, 031-828-4511, 20200104, 99
경기, 의정부시, 가톨릭대학교의정부성모병원, None, -1661-7500, 20200104, 99
경기, 의정부시, 추병원, None, 031-845-7777, 20200104, 99
경기, 이천시, 경기도의료원 이천병원, None, 031-630-4200, 20200104, 99
경기, 이천시, 이천시보건소, None, 031-635-2400, 20200104, 99
경기, 파주시, 파주시보건소, None, 031-940-4800, 20200104, 99
경기, 파주시, 경기도의료원파주병원, None, 031-940-9100, 20200104, 99
경기, 평택시, 의료법인백송의료재단 굿모닝병원, None, 031-5182-7700, 20200104, 99
경기, 평택시, 의료법인 박애의료재단 박애병원, None, 031-652-2121, 20200104, 99
경기, 평택시, 의료법인 양진의료재단 평택성모병원, None, -1800-8800, 20200104, 99
경기, 평택시, 평택시평택보건소, None, 031-8024-4421, 20200104, 99
경기, 평택시, 안중보건지소, None, 031-8024-8610, 20200104, 99
경기, 평택시, 의료법인 갈렌의료재단 박병원, None, 031-666-2600, 20200104, 99
경기, 평택시, 평택시 송탄보건소, None, 031-8024-7273, 20200104, 99
경기, 포천시, 포천시보건소, None, 031-538-3600, 20200104, 99
경기, 포천시, 경기도의료원포천병원, None, 031-539-9114, 20200104, 99
경기, 하남시, 하남시보건소, None, 031-790-6551, 20200104, 99
경기, 화성시, 의료법인 은혜와감사의료재단 화성중앙종합병원, None, 031-352-8114, 20200104, 99
경기, 화성시, 화성시보건소, None, 031-369-2551, 20200104, 99
경기, 화성시, 한림대학교동탄성심병원, None, 031-8086-3000, 20200104, 99
강원, 강릉시, 강원도강릉의료원, None, 033-610-1200, 20200104, 99
강원, 강릉시, 강릉아산병원, None, 033-610-3114, 20200104, 99
강원, 강릉시, 의료법인 강릉동인병원, None, 033-650-6161, 20200104, 99
강원, 강릉시, 의산의료재단 강릉고려병원, None, 033-649-0100, 20200104, 99
강원, 강릉시, 강릉시보건소, None, 033-660-3052, 20200104, 99
