{
  "response": {
    "header": {
      "resultCode": "00",
      "resultMsg": "NORMAL SERVICE."
    },
    "body": {
      "items": {
        "item": [
          {
            "accDefRate": "0.9624159901",
            "accExamCnt": "1431316",
            "accExamCompCnt": "1408019",
            "careCnt": "941",
            "clearCnt": "12348",
            "createDt": "2020-07-15 10:38:15.15",
            "deathCnt": "289",
            "decideCnt": "13551",
            "examCnt": "23297",
            "resutlNegCnt": "1394468",
            "seq": "200",
            "stateDt": "20200715",
            "stateTime": "00:00",
            "updateDt": "2020-07-15 10:38:15.15"
          },
          {
            "accDefRate": "0.9676816390",
            "accExamCnt": "1420616",
            "accExamCompCnt": "1396327",
            "careCnt": "986",
            "clearCnt": "12282",
            "createDt": "2020-07-14 10:42:52.52",
            "deathCnt": "289",
            "decideCnt": "13512",
            "examCnt": "24289",
            "resutlNegCnt": "1382815",
            "seq": "199",
            "stateDt": "20200714",
            "stateTime": "00:00",
            "updateDt": "2020-07-14 10:42:52.52"
          },
          {
            "accDefRate": "0.9721832542",
            "accExamCnt": "1408312",
            "accExamCompCnt": "1386467",
            "careCnt": "950",
            "clearCnt": "12204",
            "createDt": "2020-07-13 10:20:52.52",
            "deathCnt": "289",
            "decideCnt": "13479",
            "examCnt": "21845",
            "resutlNegCnt": "1372988",
            "seq": "198",
            "stateDt": "20200713",
            "stateTime": "00:00",
            "updateDt": "2020-07-13 10:20:52.52"
          },
          {
            "accDefRate": "0.9720252058",
            "accExamCnt": "1402144",
            "accExamCompCnt": "1380314",
            "careCnt": "941",
            "clearCnt": "12178",
            "createDt": "2020-07-12 10:21:53.53",
            "deathCnt": "289",
            "decideCnt": "13417",
            "examCnt": "21830",
            "resutlNegCnt": "1366897",
            "seq": "197",
            "stateDt": "20200712",
            "stateTime": "00:00",
            "updateDt": "2020-07-12 10:21:53.53"
          },
          {
            "accDefRate": "0.9732960405",
            "accExamCnt": "1396941",
            "accExamCompCnt": "1373991",
            "careCnt": "985",
            "clearCnt": "12144",
            "createDt": "2020-07-11 10:24:20.20",
            "deathCnt": "288",
            "decideCnt": "13373",
            "examCnt": "22950",
            "resutlNegCnt": "1360618",
            "seq": "196",
            "stateDt": "20200711",
            "stateTime": "00:00",
            "updateDt": "2020-07-11 10:24:20.20"
          },
          {
            "accDefRate": "0.9797533795",
            "accExamCnt": "1384890",
            "accExamCompCnt": "1361363",
            "careCnt": "987",
            "clearCnt": "12065",
            "createDt": "2020-07-10 10:16:35.35",
            "deathCnt": "288",
            "decideCnt": "13338",
            "examCnt": "23527",
            "resutlNegCnt": "1348025",
            "seq": "195",
            "stateDt": "20200710",
            "stateTime": "00:00",
            "updateDt": "2020-07-10 10:16:35.35"
          },
          {
            "accDefRate": "0.9862307555",
            "accExamCnt": "1371771",
            "accExamCompCnt": "1347859",
            "careCnt": "988",
            "clearCnt": "12019",
            "createDt": "2020-07-09 10:50:30.30",
            "deathCnt": "287",
            "decideCnt": "13293",
            "examCnt": "23912",
            "resutlNegCnt": "1334566",
            "seq": "194",
            "stateDt": "20200709",
            "stateTime": "00:00",
            "updateDt": "2020-07-09 10:50:30.30"
          },
          {
            "accDefRate": "0.9914488194",
            "accExamCnt": "1359734",
            "accExamCompCnt": "1335722",
            "careCnt": "982",
            "clearCnt": "11970",
            "createDt": "2020-07-08 10:19:47.47",
            "deathCnt": "285",
            "decideCnt": "13243",
            "examCnt": "24012",
            "resutlNegCnt": "1322479",
            "seq": "193",
            "stateDt": "20200708",
            "stateTime": "00:00",
            "updateDt": "2020-07-08 10:19:47.47"
          },
          {
            "accDefRate": "0.9966586491",
            "accExamCnt": "1346194",
            "accExamCompCnt": "1322519",
            "careCnt": "1005",
            "clearCnt": "11914",
            "createDt": "2020-07-07 10:15:15.15",
            "deathCnt": "285",
            "decideCnt": "13181",
            "examCnt": "23675",
            "resutlNegCnt": "1309338",
            "seq": "192",
            "stateDt": "20200707",
            "stateTime": "00:00",
            "updateDt": "2020-07-07 10:15:15.15"
          },
          {
            "accDefRate": "1.0024387563",
            "accExamCnt": "1331796",
            "accExamCompCnt": "1310504",
            "careCnt": "974",
            "clearCnt": "11848",
            "createDt": "2020-07-06 10:42:20.20",
            "deathCnt": "284",
            "decideCnt": "13137",
            "examCnt": "21292",
            "resutlNegCnt": "1297367",
            "seq": "191",
            "stateDt": "20200706",
            "stateTime": "00:00",
            "updateDt": "2020-07-06 10:42:20.20"
          },
          {
            "accDefRate": "1.0034452463",
            "accExamCnt": "1326055",
            "accExamCompCnt": "1304406",
            "careCnt": "934",
            "clearCnt": "11832",
            "createDt": "2020-07-05 10:25:26.26",
            "deathCnt": "283",
            "decideCnt": "13089",
            "examCnt": "21649",
            "resutlNegCnt": "1291317",
            "seq": "190",
            "stateDt": "20200705",
            "stateTime": "00:00",
            "updateDt": "2020-07-05 10:25:26.26"
          },
          {
            "accDefRate": "1.0043169904",
            "accExamCnt": "1319521",
            "accExamCompCnt": "1297200",
            "careCnt": "924",
            "clearCnt": "11811",
            "createDt": "2020-07-04 10:13:42.42",
            "deathCnt": "283",
            "decideCnt": "13028",
            "examCnt": "22321",
            "resutlNegCnt": "1284172",
            "seq": "189",
            "stateDt": "20200704",
            "stateTime": "00:00",
            "updateDt": "2020-07-04 10:13:42.42"
          },
          {
            "accDefRate": "1.0080073021",
            "accExamCnt": "1307761",
            "accExamCompCnt": "1286201",
            "careCnt": "938",
            "clearCnt": "11759",
            "createDt": "2020-07-03 10:19:08.08",
            "deathCnt": "282",
            "decideCnt": "12965",
            "examCnt": "21560",
            "resutlNegCnt": "1273236",
            "seq": "188",
            "stateDt": "20200703",
            "stateTime": "00:00",
            "updateDt": "2020-07-03 10:19:08.08"
          },
          {
            "accDefRate": "1.0111426287",
            "accExamCnt": "1295962",
            "accExamCompCnt": "1276180",
            "careCnt": "955",
            "clearCnt": "11684",
            "createDt": "2020-07-02 10:27:03.03",
            "deathCnt": "282",
            "decideCnt": "12904",
            "examCnt": "19782",
            "resutlNegCnt": "1263276",
            "seq": "187",
            "stateDt": "20200702",
            "stateTime": "00:00",
            "updateDt": "2020-07-02 10:27:03.03"
          },
          {
            "accDefRate": "1.0152444684",
            "accExamCnt": "1285231",
            "accExamCompCnt": "1265705",
            "careCnt": "980",
            "clearCnt": "11613",
            "createDt": "2020-07-01 10:35:06.06",
            "deathCnt": "282",
            "decideCnt": "12850",
            "examCnt": "19526",
            "resutlNegCnt": "1252855",
            "seq": "186",
            "stateDt": "20200701",
            "stateTime": "00:00",
            "updateDt": "2020-07-01 10:35:06.06"
          },
          {
            "accDefRate": "1.0215043465",
            "accExamCnt": "1273765",
            "accExamCompCnt": "1252956",
            "careCnt": "1046",
            "clearCnt": "11537",
            "createDt": "2020-06-30 11:19:14.14",
            "deathCnt": "282",
            "decideCnt": "12799",
            "examCnt": "20809",
            "resutlNegCnt": "1240157",
            "seq": "185",
            "stateDt": "20200630",
            "stateTime": "00:00",
            "updateDt": "2020-06-30 11:19:14.14"
          },
          {
            "accDefRate": "1.0275845681",
            "accExamCnt": "1259954",
            "accExamCompCnt": "1241455",
            "careCnt": "1069",
            "clearCnt": "11429",
            "createDt": "2020-06-29 10:29:36.36",
            "deathCnt": "282",
            "decideCnt": "12757",
            "examCnt": "18499",
            "resutlNegCnt": "1228698",
            "seq": "184",
            "stateDt": "20200629",
            "stateTime": "00:00",
            "updateDt": "2020-06-29 10:29:36.36"
          },
          {
            "accDefRate": "1.0314839902",
            "accExamCnt": "1251695",
            "accExamCompCnt": "1232690",
            "careCnt": "1054",
            "clearCnt": "11364",
            "createDt": "2020-06-28 10:29:27.27",
            "deathCnt": "282",
            "decideCnt": "12715",
            "examCnt": "19005",
            "resutlNegCnt": "1219975",
            "seq": "183",
            "stateDt": "20200628",
            "stateTime": "00:00",
            "updateDt": "2020-06-28 10:29:27.27"
          },
          {
            "accDefRate": "1.0338144673",
            "accExamCnt": "1243780",
            "accExamCompCnt": "1223914",
            "careCnt": "1148",
            "clearCnt": "11317",
            "createDt": "2020-06-27 10:47:05.05",
            "deathCnt": "282",
            "decideCnt": "12653",
            "examCnt": "19866",
            "resutlNegCnt": "1211261",
            "seq": "182",
            "stateDt": "20200627",
            "stateTime": "00:00",
            "updateDt": "2020-06-27 10:47:05.05"
          },
          {
            "accDefRate": "1.0384948499",
            "accExamCnt": "1232315",
            "accExamCompCnt": "1213487",
            "careCnt": "1307",
            "clearCnt": "11172",
            "createDt": "2020-06-26 10:13:35.35",
            "deathCnt": "282",
            "decideCnt": "12602",
            "examCnt": "18828",
            "resutlNegCnt": "1200885",
            "seq": "181",
            "stateDt": "20200626",
            "stateTime": "00:00",
            "updateDt": "2020-06-26 10:13:35.35"
          },
          {
            "accDefRate": "1.0455417792",
            "accExamCnt": "1220478",
            "accExamCompCnt": "1201578",
            "careCnt": "1324",
            "clearCnt": "10974",
            "createDt": "2020-06-25 10:19:09.09",
            "deathCnt": "282",
            "decideCnt": "12563",
            "examCnt": "18900",
            "resutlNegCnt": "1189015",
            "seq": "180",
            "stateDt": "20200625",
            "stateTime": "00:00",
            "updateDt": "2020-06-25 10:19:09.09"
          },
          {
            "accDefRate": "1.0548221402",
            "accExamCnt": "1208597",
            "accExamCompCnt": "1188352",
            "careCnt": "1295",
            "clearCnt": "10930",
            "createDt": "2020-06-24 10:31:43.43",
            "deathCnt": "281",
            "decideCnt": "12535",
            "examCnt": "20245",
            "resutlNegCnt": "1175817",
            "seq": "179",
            "stateDt": "20200624",
            "stateTime": "00:00",
            "updateDt": "2020-06-24 10:31:43.43"
          },
          {
            "accDefRate": "1.0636140726",
            "accExamCnt": "1196012",
            "accExamCompCnt": "1173734",
            "careCnt": "1277",
            "clearCnt": "10908",
            "createDt": "2020-06-23 10:41:14.14",
            "deathCnt": "281",
            "decideCnt": "12484",
            "examCnt": "22278",
            "resutlNegCnt": "1161250",
            "seq": "178",
            "stateDt": "20200623",
            "stateTime": "00:00",
            "updateDt": "2020-06-23 10:41:14.14"
          },
          {
            "accDefRate": "1.0697854838",
            "accExamCnt": "1182066",
            "accExamCompCnt": "1162663",
            "careCnt": "1273",
            "clearCnt": "10881",
            "createDt": "2020-06-22 11:40:11.11",
            "deathCnt": "280",
            "decideCnt": "12438",
            "examCnt": "19403",
            "resutlNegCnt": "1150225",
            "seq": "177",
            "stateDt": "20200622",
            "stateTime": "00:00",
            "updateDt": "2020-06-22 11:40:11.11"
          },
          {
            "accDefRate": "1.0741167355",
            "accExamCnt": "1176463",
            "accExamCompCnt": "1156392",
            "careCnt": "1237",
            "clearCnt": "10868",
            "createDt": "2020-06-21 10:10:23.23",
            "deathCnt": "280",
            "decideCnt": "12421",
            "examCnt": "20071",
            "resutlNegCnt": "1143971",
            "seq": "176",
            "stateDt": "20200621",
            "stateTime": "00:00",
            "updateDt": "2020-06-21 10:10:23.23"
          },
          {
            "accDefRate": "1.0764456500",
            "accExamCnt": "1170901",
            "accExamCompCnt": "1149431",
            "careCnt": "1191",
            "clearCnt": "10856",
            "createDt": "2020-06-20 10:14:22.22",
            "deathCnt": "280",
            "decideCnt": "12373",
            "examCnt": "21470",
            "resutlNegCnt": "1137058",
            "seq": "175",
            "stateDt": "20200620",
            "stateTime": "00:00",
            "updateDt": "2020-06-20 10:14:22.22"
          },
          {
            "accDefRate": "1.0824428058",
            "accExamCnt": "1158063",
            "accExamCompCnt": "1136873",
            "careCnt": "1177",
            "clearCnt": "10835",
            "createDt": "2020-06-19 10:32:24.24",
            "deathCnt": "280",
            "decideCnt": "12306",
            "examCnt": "21190",
            "resutlNegCnt": "1124567",
            "seq": "174",
            "stateDt": "20200619",
            "stateTime": "00:00",
            "updateDt": "2020-06-19 10:32:24.24"
          },
          {
            "accDefRate": "1.0904823674",
            "accExamCnt": "1145712",
            "accExamCompCnt": "1123998",
            "careCnt": "1145",
            "clearCnt": "10800",
            "createDt": "2020-06-18 10:12:45.45",
            "deathCnt": "280",
            "decideCnt": "12257",
            "examCnt": "21714",
            "resutlNegCnt": "1111741",
            "seq": "173",
            "stateDt": "20200618",
            "stateTime": "00:00",
            "updateDt": "2020-06-18 10:12:45.45"
          },
          {
            "accDefRate": "1.0975998214",
            "accExamCnt": "1132823",
            "accExamCompCnt": "1111334",
            "careCnt": "1117",
            "clearCnt": "10774",
            "createDt": "2020-06-17 10:14:34.34",
            "deathCnt": "279",
            "decideCnt": "12198",
            "examCnt": "21489",
            "resutlNegCnt": "1099136",
            "seq": "172",
            "stateDt": "20200617",
            "stateTime": "00:00",
            "updateDt": "2020-06-17 10:14:34.34"
          },
          {
            "accDefRate": "1.1078855382",
            "accExamCnt": "1119767",
            "accExamCompCnt": "1097135",
            "careCnt": "1114",
            "clearCnt": "10760",
            "createDt": "2020-06-16 10:16:47.47",
            "deathCnt": "278",
            "decideCnt": "12155",
            "examCnt": "22632",
            "resutlNegCnt": "1084980",
            "seq": "171",
            "stateDt": "20200616",
            "stateTime": "00:00",
            "updateDt": "2020-06-16 10:16:47.47"
          },
          {
            "accDefRate": "1.1172190545",
            "accExamCnt": "1105719",
            "accExamCompCnt": "1084926",
            "careCnt": "1089",
            "clearCnt": "10730",
            "createDt": "2020-06-15 10:16:22.22",
            "deathCnt": "277",
            "decideCnt": "12121",
            "examCnt": "20793",
            "resutlNegCnt": "1072805",
            "seq": "170",
            "stateDt": "20200615",
            "stateTime": "00:00",
            "updateDt": "2020-06-15 10:16:22.22"
          },
          {
            "accDefRate": "1.1199559580",
            "accExamCnt": "1100327",
            "accExamCompCnt": "1078971",
            "careCnt": "1082",
            "clearCnt": "10718",
            "createDt": "2020-06-14 10:19:18.18",
            "deathCnt": "277",
            "decideCnt": "12084",
            "examCnt": "21356",
            "resutlNegCnt": "1066887",
            "seq": "169",
            "stateDt": "20200614",
            "stateTime": "00:00",
            "updateDt": "2020-06-14 10:19:18.18"
          },
          {
            "accDefRate": "1.1247480984",
            "accExamCnt": "1094703",
            "accExamCompCnt": "1071351",
            "careCnt": "1056",
            "clearCnt": "10691",
            "createDt": "2020-06-13 10:11:43.43",
            "deathCnt": "277",
            "decideCnt": "12050",
            "examCnt": "23352",
            "resutlNegCnt": "1059301",
            "seq": "168",
            "stateDt": "20200613",
            "stateTime": "00:00",
            "updateDt": "2020-06-13 10:11:43.43"
          },
          {
            "accDefRate": "1.1352178592",
            "accExamCnt": "1081486",
            "accExamCompCnt": "1057242",
            "careCnt": "1016",
            "clearCnt": "10669",
            "createDt": "2020-06-12 10:22:23.23",
            "deathCnt": "277",
            "decideCnt": "12002",
            "examCnt": "24244",
            "resutlNegCnt": "1045240",
            "seq": "167",
            "stateDt": "20200612",
            "stateTime": "00:00",
            "updateDt": "2020-06-12 10:22:23.23"
          },
          {
            "accDefRate": "1.1471173706",
            "accExamCnt": "1066887",
            "accExamCompCnt": "1041393",
            "careCnt": "1014",
            "clearCnt": "10654",
            "createDt": "2020-06-11 10:30:28.28",
            "deathCnt": "276",
            "decideCnt": "11946",
            "examCnt": "25494",
            "resutlNegCnt": "1029447",
            "seq": "166",
            "stateDt": "20200611",
            "stateTime": "00:00",
            "updateDt": "2020-06-11 10:30:28.28"
          },
          {
            "accDefRate": "1.1602264883",
            "accExamCnt": "1051971",
            "accExamCompCnt": "1025748",
            "careCnt": "988",
            "clearCnt": "10611",
            "createDt": "2020-06-10 10:13:48.48",
            "deathCnt": "276",
            "decideCnt": "11901",
            "examCnt": "26223",
            "resutlNegCnt": "1013847",
            "seq": "165",
            "stateDt": "20200610",
            "stateTime": "00:00",
            "updateDt": "2020-06-10 10:13:48.48"
          },
          {
            "accDefRate": "1.1750684407",
            "accExamCnt": "1035996",
            "accExamCompCnt": "1008537",
            "careCnt": "977",
            "clearCnt": "10589",
            "createDt": "2020-06-09 10:08:46.46",
            "deathCnt": "274",
            "decideCnt": "11851",
            "examCnt": "27459",
            "resutlNegCnt": "996686",
            "seq": "164",
            "stateDt": "20200609",
            "stateTime": "00:00",
            "updateDt": "2020-06-09 10:08:46.46"
          },
          {
            "accDefRate": "1.1886231069",
            "accExamCnt": "1018213",
            "accExamCompCnt": "993839",
            "careCnt": "951",
            "clearCnt": "10563",
            "createDt": "2020-06-08 10:14:01.01",
            "deathCnt": "273",
            "decideCnt": "11813",
            "examCnt": "24374",
            "resutlNegCnt": "982026",
            "seq": "163",
            "stateDt": "20200608",
            "stateTime": "00:00",
            "updateDt": "2020-06-08 10:14:01.01"
          },
          {
            "accDefRate": "1.1939717405",
            "accExamCnt": "1012769",
            "accExamCompCnt": "986288",
            "careCnt": "915",
            "clearCnt": "10552",
            "createDt": "2020-06-07 10:20:09.09",
            "deathCnt": "273",
            "decideCnt": "11776",
            "examCnt": "26481",
            "resutlNegCnt": "974512",
            "seq": "162",
            "stateDt": "20200607",
            "stateTime": "00:00",
            "updateDt": "2020-06-07 10:20:09.09"
          },
          {
            "accDefRate": "1.1990574522",
            "accExamCnt": "1005305",
            "accExamCompCnt": "977351",
            "careCnt": "889",
            "clearCnt": "10531",
            "createDt": "2020-06-06 10:49:23.23",
            "deathCnt": "273",
            "decideCnt": "11719",
            "examCnt": "27954",
            "resutlNegCnt": "965632",
            "seq": "161",
            "stateDt": "20200606",
            "stateTime": "00:00",
            "updateDt": "2020-06-06 10:49:23.23"
          },
          {
            "accDefRate": "1.2126452669",
            "accExamCnt": "990960",
            "accExamCompCnt": "962194",
            "careCnt": "857",
            "clearCnt": "10506",
            "createDt": "2020-06-05 10:56:51.51",
            "deathCnt": "273",
            "decideCnt": "11668",
            "examCnt": "28766",
            "resutlNegCnt": "950526",
            "seq": "160",
            "stateDt": "20200605",
            "stateTime": "00:00",
            "updateDt": "2020-06-05 10:56:51.51"
          },
          {
            "accDefRate": "1.2297244567",
            "accExamCnt": "973858",
            "accExamCompCnt": "945659",
            "careCnt": "850",
            "clearCnt": "10499",
            "createDt": "2020-06-04 10:27:46.46",
            "deathCnt": "273",
            "decideCnt": "11629",
            "examCnt": "28199",
            "resutlNegCnt": "934030",
            "seq": "159",
            "stateDt": "20200604",
            "stateTime": "00:00",
            "updateDt": "2020-06-04 10:27:46.46"
          },
          {
            "accDefRate": "1.2475954991",
            "accExamCnt": "956852",
            "accExamCompCnt": "928987",
            "careCnt": "823",
            "clearCnt": "10467",
            "createDt": "2020-06-03 10:25:46.46",
            "deathCnt": "273",
            "decideCnt": "11590",
            "examCnt": "27865",
            "resutlNegCnt": "917397",
            "seq": "158",
            "stateDt": "20200603",
            "stateTime": "00:00",
            "updateDt": "2020-06-03 10:25:46.46"
          },
          {
            "accDefRate": "1.2669483571",
            "accExamCnt": "939851",
            "accExamCompCnt": "910929",
            "careCnt": "810",
            "clearCnt": "10446",
            "createDt": "2020-06-02 10:15:46.46",
            "deathCnt": "272",
            "decideCnt": "11541",
            "examCnt": "28922",
            "resutlNegCnt": "899388",
            "seq": "157",
            "stateDt": "20200602",
            "stateTime": "00:00",
            "updateDt": "2020-06-02 10:15:46.46"
          },
          {
            "accDefRate": "1.2819098372",
            "accExamCnt": "921391",
            "accExamCompCnt": "897333",
            "careCnt": "793",
            "clearCnt": "10422",
            "createDt": "2020-06-01 10:13:10.10",
            "deathCnt": "271",
            "decideCnt": "11503",
            "examCnt": "24058",
            "resutlNegCnt": "885830",
            "seq": "156",
            "stateDt": "20200601",
            "stateTime": "00:00",
            "updateDt": "2020-06-01 10:13:10.10"
          },
          {
            "accDefRate": "1.2921282483",
            "accExamCnt": "910822",
            "accExamCompCnt": "887528",
            "careCnt": "774",
            "clearCnt": "10405",
            "createDt": "2020-05-31 10:22:38.38",
            "deathCnt": "270",
            "decideCnt": "11468",
            "examCnt": "23294",
            "resutlNegCnt": "876060",
            "seq": "155",
            "stateDt": "20200531",
            "stateTime": "00:00",
            "updateDt": "2020-05-31 10:22:38.38"
          },
          {
            "accDefRate": "1.3051518190",
            "accExamCnt": "902901",
            "accExamCompCnt": "876603",
            "careCnt": "770",
            "clearCnt": "10398",
            "createDt": "2020-05-30 10:12:27.27",
            "deathCnt": "269",
            "decideCnt": "11441",
            "examCnt": "26298",
            "resutlNegCnt": "865162",
            "seq": "154",
            "stateDt": "20200530",
            "stateTime": "00:00",
            "updateDt": "2020-05-30 10:12:27.27"
          },
          {
            "accDefRate": "1.3249465756",
            "accExamCnt": "885120",
            "accExamCompCnt": "860563",
            "careCnt": "735",
            "clearCnt": "10363",
            "createDt": "2020-05-29 10:10:53.53",
            "deathCnt": "269",
            "decideCnt": "11402",
            "examCnt": "24557",
            "resutlNegCnt": "849161",
            "seq": "153",
            "stateDt": "20200529",
            "stateTime": "00:00",
            "updateDt": "2020-05-29 10:10:53.53"
          },
          {
            "accDefRate": "1.3404293533",
            "accExamCnt": "868666",
            "accExamCompCnt": "846296",
            "careCnt": "701",
            "clearCnt": "10340",
            "createDt": "2020-05-28 10:11:28.28",
            "deathCnt": "269",
            "decideCnt": "11344",
            "examCnt": "22370",
            "resutlNegCnt": "834952",
            "seq": "152",
            "stateDt": "20200528",
            "stateTime": "00:00",
            "updateDt": "2020-05-28 10:11:28.28"
          },
          {
            "accDefRate": "1.3542674753",
            "accExamCnt": "852876",
            "accExamCompCnt": "831815",
            "careCnt": "681",
            "clearCnt": "10295",
            "createDt": "2020-05-27 10:16:33.33",
            "deathCnt": "269",
            "decideCnt": "11265",
            "examCnt": "21061",
            "resutlNegCnt": "820550",
            "seq": "151",
            "stateDt": "20200527",
            "stateTime": "00:00",
            "updateDt": "2020-05-27 10:16:33.33"
          },
          {
            "accDefRate": "1.3732045885",
            "accExamCnt": "839475",
            "accExamCompCnt": "817431",
            "careCnt": "713",
            "clearCnt": "10275",
            "createDt": "2020-05-26 10:12:49.49",
            "deathCnt": "269",
            "decideCnt": "11225",
            "examCnt": "22044",
            "resutlNegCnt": "806206",
            "seq": "150",
            "stateDt": "20200526",
            "stateTime": "00:00",
            "updateDt": "2020-05-26 10:12:49.49"
          },
          {
            "accDefRate": "1.3880012088",
            "accExamCnt": "826437",
            "accExamCompCnt": "807348",
            "careCnt": "711",
            "clearCnt": "10226",
            "createDt": "2020-05-25 10:27:08.08",
            "deathCnt": "267",
            "decideCnt": "11206",
            "examCnt": "19089",
            "resutlNegCnt": "796142",
            "seq": "149",
            "stateDt": "20200525",
            "stateTime": "00:00",
            "updateDt": "2020-05-25 10:27:08.08"
          },
          {
            "accDefRate": "1.3988269354",
            "accExamCnt": "820289",
            "accExamCompCnt": "799956",
            "careCnt": "705",
            "clearCnt": "10213",
            "createDt": "2020-05-24 10:29:10.10",
            "deathCnt": "266",
            "decideCnt": "11190",
            "examCnt": "20333",
            "resutlNegCnt": "788766",
            "seq": "148",
            "stateDt": "20200524",
            "stateTime": "00:00",
            "updateDt": "2020-05-24 10:29:10.10"
          },
          {
            "accDefRate": "1.4082091086",
            "accExamCnt": "814420",
            "accExamCompCnt": "792851",
            "careCnt": "716",
            "clearCnt": "10194",
            "createDt": "2020-05-23 10:34:54.54",
            "deathCnt": "266",
            "decideCnt": "11165",
            "examCnt": "21569",
            "resutlNegCnt": "781686",
            "seq": "147",
            "stateDt": "20200523",
            "stateTime": "00:00",
            "updateDt": "2020-05-23 10:34:54.54"
          },
          {
            "accDefRate": "1.4245677200",
            "accExamCnt": "802418",
            "accExamCompCnt": "782132",
            "careCnt": "723",
            "clearCnt": "10162",
            "createDt": "2020-05-22 10:15:38.38",
            "deathCnt": "264",
            "decideCnt": "11142",
            "examCnt": "20286",
            "resutlNegCnt": "770990",
            "seq": "146",
            "stateDt": "20200522",
            "stateTime": "00:00",
            "updateDt": "2020-05-22 10:15:38.38"
          },
          {
            "accDefRate": "1.4433003069",
            "accExamCnt": "788684",
            "accExamCompCnt": "770595",
            "careCnt": "781",
            "clearCnt": "10135",
            "createDt": "2020-05-21 10:24:07.07",
            "deathCnt": "264",
            "decideCnt": "11122",
            "examCnt": "18089",
            "resutlNegCnt": "759473",
            "seq": "145",
            "stateDt": "20200521",
            "stateTime": "00:00",
            "updateDt": "2020-05-21 10:24:07.07"
          },
          {
            "accDefRate": "1.4616843972",
            "accExamCnt": "776433",
            "accExamCompCnt": "760082",
            "careCnt": "877",
            "clearCnt": "10066",
            "createDt": "2020-05-20 10:13:17.17",
            "deathCnt": "263",
            "decideCnt": "11110",
            "examCnt": "16351",
            "resutlNegCnt": "748972",
            "seq": "144",
            "stateDt": "20200520",
            "stateTime": "00:00",
            "updateDt": "2020-05-20 10:13:17.17"
          },
          {
            "accDefRate": "1.4797321575",
            "accExamCnt": "765574",
            "accExamCompCnt": "748649",
            "careCnt": "898",
            "clearCnt": "9938",
            "createDt": "2020-05-19 10:22:38.38",
            "deathCnt": "263",
            "decideCnt": "11078",
            "examCnt": "16925",
            "resutlNegCnt": "737571",
            "seq": "143",
            "stateDt": "20200519",
            "stateTime": "00:00",
            "updateDt": "2020-05-19 10:22:38.38"
          },
          {
            "accDefRate": "1.5011165105",
            "accExamCnt": "753211",
            "accExamCompCnt": "737118",
            "careCnt": "900",
            "clearCnt": "9904",
            "createDt": "2020-05-18 10:18:09.09",
            "deathCnt": "263",
            "decideCnt": "11065",
            "examCnt": "16093",
            "resutlNegCnt": "726053",
            "seq": "142",
            "stateDt": "20200518",
            "stateTime": "00:00",
            "updateDt": "2020-05-18 10:18:09.09"
          },
          {
            "accDefRate": "1.5137131451",
            "accExamCnt": "747653",
            "accExamCompCnt": "729993",
            "careCnt": "924",
            "clearCnt": "9888",
            "createDt": "2020-05-17 10:12:11.11",
            "deathCnt": "262",
            "decideCnt": "11050",
            "examCnt": "17660",
            "resutlNegCnt": "718943",
            "seq": "141",
            "stateDt": "20200517",
            "stateTime": "00:00",
            "updateDt": "2020-05-17 10:12:11.11"
          },
          {
            "accDefRate": "1.5280312113",
            "accExamCnt": "740645",
            "accExamCompCnt": "722302",
            "careCnt": "937",
            "clearCnt": "9851",
            "createDt": "2020-05-16 10:19:44.44",
            "deathCnt": "262",
            "decideCnt": "11037",
            "examCnt": "18343",
            "resutlNegCnt": "711265",
            "seq": "140",
            "stateDt": "20200516",
            "stateTime": "00:00",
            "updateDt": "2020-05-16 10:19:44.44"
          },
          {
            "accDefRate": "1.5586980386",
            "accExamCnt": "726747",
            "accExamCompCnt": "706872",
            "careCnt": "969",
            "clearCnt": "9821",
            "createDt": "2020-05-15 10:33:34.34",
            "deathCnt": "260",
            "decideCnt": "11018",
            "examCnt": "19875",
            "resutlNegCnt": "695854",
            "seq": "139",
            "stateDt": "20200515",
            "stateTime": "00:00",
            "updateDt": "2020-05-15 10:33:34.34"
          },
          {
            "accDefRate": "1.5911413772",
            "accExamCnt": "711484",
            "accExamCompCnt": "690762",
            "careCnt": "1008",
            "clearCnt": "9762",
            "createDt": "2020-05-14 10:18:25.25",
            "deathCnt": "260",
            "decideCnt": "10991",
            "examCnt": "20722",
            "resutlNegCnt": "679771",
            "seq": "138",
            "stateDt": "20200514",
            "stateTime": "00:00",
            "updateDt": "2020-05-14 10:18:25.25"
          },
          {
            "accDefRate": "1.6207800503",
            "accExamCnt": "695920",
            "accExamCompCnt": "676341",
            "careCnt": "1008",
            "clearCnt": "9695",
            "createDt": "2020-05-13 10:41:15.15",
            "deathCnt": "259",
            "decideCnt": "10962",
            "examCnt": "19579",
            "resutlNegCnt": "665379",
            "seq": "137",
            "stateDt": "20200513",
            "stateTime": "00:00",
            "updateDt": "2020-05-13 10:41:15.15"
          },
          {
            "accDefRate": "1.6456000963",
            "accExamCnt": "680890",
            "accExamCompCnt": "664560",
            "careCnt": "1021",
            "clearCnt": "9670",
            "createDt": "2020-05-12 10:12:14.14",
            "deathCnt": "258",
            "decideCnt": "10936",
            "examCnt": "16330",
            "resutlNegCnt": "653624",
            "seq": "136",
            "stateDt": "20200512",
            "stateTime": "00:00",
            "updateDt": "2020-05-12 10:12:14.14"
          },
          {
            "accDefRate": "1.6589868759",
            "accExamCnt": "668492",
            "accExamCompCnt": "657570",
            "careCnt": "1008",
            "clearCnt": "9632",
            "createDt": "2020-05-11 10:25:58.58",
            "deathCnt": "256",
            "decideCnt": "10909",
            "examCnt": "10922",
            "resutlNegCnt": "646661",
            "seq": "135",
            "stateDt": "20200511",
            "stateTime": "00:00",
            "updateDt": "2020-05-11 10:25:58.58"
          },
          {
            "accDefRate": "1.6633066058",
            "accExamCnt": "663886",
            "accExamCompCnt": "653758",
            "careCnt": "1016",
            "clearCnt": "9610",
            "createDt": "2020-05-10 10:14:56.56",
            "deathCnt": "256",
            "decideCnt": "10874",
            "examCnt": "10128",
            "resutlNegCnt": "642884",
            "seq": "134",
            "stateDt": "20200510",
            "stateTime": "00:00",
            "updateDt": "2020-05-10 10:14:56.56"
          },
          {
            "accDefRate": "1.6654452377",
            "accExamCnt": "660030",
            "accExamCompCnt": "650877",
            "careCnt": "1082",
            "clearCnt": "9568",
            "createDt": "2020-05-09 10:17:15.15",
            "deathCnt": "256",
            "decideCnt": "10840",
            "examCnt": "9153",
            "resutlNegCnt": "640037",
            "seq": "133",
            "stateDt": "20200509",
            "stateTime": "00:00",
            "updateDt": "2020-05-09 10:17:15.15"
          },
          {
            "accDefRate": "1.6752425711",
            "accExamCnt": "654863",
            "accExamCompCnt": "645996",
            "careCnt": "1135",
            "clearCnt": "9484",
            "createDt": "2020-05-08 10:18:50.50",
            "deathCnt": "256",
            "decideCnt": "10822",
            "examCnt": "8867",
            "resutlNegCnt": "635174",
            "seq": "132",
            "stateDt": "20200508",
            "stateTime": "00:00",
            "updateDt": "2020-05-08 10:18:50.50"
          },
          {
            "accDefRate": "1.6865353322",
            "accExamCnt": "649388",
            "accExamCompCnt": "640959",
            "careCnt": "1218",
            "clearCnt": "9419",
            "createDt": "2020-05-07 10:43:56.56",
            "deathCnt": "256",
            "decideCnt": "10810",
            "examCnt": "8429",
            "resutlNegCnt": "630149",
            "seq": "131",
            "stateDt": "20200507",
            "stateTime": "00:00",
            "updateDt": "2020-05-07 10:43:56.56"
          },
          {
            "accDefRate": "1.7015018438",
            "accExamCnt": "643095",
            "accExamCompCnt": "635086",
            "careCnt": "1267",
            "clearCnt": "9333",
            "createDt": "2020-05-06 10:16:11.11",
            "deathCnt": "255",
            "decideCnt": "10806",
            "examCnt": "8009",
            "resutlNegCnt": "624280",
            "seq": "130",
            "stateDt": "20200506",
            "stateTime": "00:00",
            "updateDt": "2020-05-06 10:16:11.11"
          },
          {
            "accDefRate": "1.7111750628",
            "accExamCnt": "640237",
            "accExamCompCnt": "631379",
            "careCnt": "1332",
            "clearCnt": "9283",
            "createDt": "2020-05-05 10:20:41.41",
            "deathCnt": "254",
            "decideCnt": "10804",
            "examCnt": "8858",
            "resutlNegCnt": "620575",
            "seq": "129",
            "stateDt": "20200505",
            "stateTime": "00:00",
            "updateDt": "2020-05-05 10:20:41.41"
          },
          {
            "accDefRate": "1.7261024858",
            "accExamCnt": "633921",
            "accExamCompCnt": "625745",
            "careCnt": "1360",
            "clearCnt": "9217",
            "createDt": "2020-05-04 10:11:32.32",
            "deathCnt": "252",
            "decideCnt": "10801",
            "examCnt": "8176",
            "resutlNegCnt": "614944",
            "seq": "128",
            "stateDt": "20200504",
            "stateTime": "00:00",
            "updateDt": "2020-05-04 10:11:32.32"
          },
          {
            "accDefRate": "1.7341356234",
            "accExamCnt": "630973",
            "accExamCompCnt": "622385",
            "careCnt": "1407",
            "clearCnt": "9183",
            "createDt": "2020-05-03 10:54:37.37",
            "deathCnt": "250",
            "decideCnt": "10793",
            "examCnt": "8588",
            "resutlNegCnt": "611592",
            "seq": "127",
            "stateDt": "20200503",
            "stateTime": "00:00",
            "updateDt": "2020-05-03 10:54:37.37"
          },
          {
            "accDefRate": "1.7413329111",
            "accExamCnt": "627562",
            "accExamCompCnt": "619066",
            "careCnt": "1454",
            "clearCnt": "9123",
            "createDt": "2020-05-02 10:22:19.19",
            "deathCnt": "250",
            "decideCnt": "10780",
            "examCnt": "8496",
            "resutlNegCnt": "608286",
            "seq": "126",
            "stateDt": "20200502",
            "stateTime": "00:00",
            "updateDt": "2020-05-02 10:22:19.19"
          },
          {
            "accDefRate": "1.7536263965",
            "accExamCnt": "623069",
            "accExamCompCnt": "614384",
            "careCnt": "1459",
            "clearCnt": "9072",
            "createDt": "2020-05-01 10:24:38.38",
            "deathCnt": "248",
            "decideCnt": "10774",
            "examCnt": "8685",
            "resutlNegCnt": "603610",
            "seq": "125",
            "stateDt": "20200501",
            "stateTime": "00:00",
            "updateDt": "2020-05-01 10:24:38.38"
          },
          {
            "accDefRate": "1.7611538379",
            "accExamCnt": "619881",
            "accExamCompCnt": "611247",
            "careCnt": "1593",
            "clearCnt": "9059",
            "createDt": "2020-04-30 10:12:42.42",
            "deathCnt": "247",
            "decideCnt": "10765",
            "examCnt": "8634",
            "resutlNegCnt": "600482",
            "seq": "124",
            "stateDt": "20200430",
            "stateTime": "00:00",
            "updateDt": "2020-04-30 10:12:42.42"
          },
          {
            "accDefRate": "1.7760649622",
            "accExamCnt": "614197",
            "accExamCompCnt": "605890",
            "careCnt": "1654",
            "clearCnt": "8922",
            "createDt": "2020-04-29 10:26:00.00",
            "deathCnt": "246",
            "decideCnt": "10761",
            "examCnt": "8307",
            "resutlNegCnt": "595129",
            "seq": "123",
            "stateDt": "20200429",
            "stateTime": "00:00",
            "updateDt": "2020-04-29 10:26:00.00"
          },
          {
            "accDefRate": "1.7940601791",
            "accExamCnt": "608514",
            "accExamCompCnt": "599311",
            "careCnt": "1731",
            "clearCnt": "8854",
            "createDt": "2020-04-28 10:22:16.16",
            "deathCnt": "244",
            "decideCnt": "10752",
            "examCnt": "9203",
            "resutlNegCnt": "588559",
            "seq": "122",
            "stateDt": "20200428",
            "stateTime": "00:00",
            "updateDt": "2020-04-28 10:22:16.16"
          },
          {
            "accDefRate": "1.8115104636",
            "accExamCnt": "601660",
            "accExamCompCnt": "592765",
            "careCnt": "1769",
            "clearCnt": "8764",
            "createDt": "2020-04-27 10:12:27.27",
            "deathCnt": "243",
            "decideCnt": "10738",
            "examCnt": "8895",
            "resutlNegCnt": "582027",
            "seq": "121",
            "stateDt": "20200427",
            "stateTime": "00:00",
            "updateDt": "2020-04-27 10:12:27.27"
          },
          {
            "accDefRate": "1.8205082082",
            "accExamCnt": "598285",
            "accExamCompCnt": "589286",
            "careCnt": "1843",
            "clearCnt": "8717",
            "createDt": "2020-04-26 10:12:24.24",
            "deathCnt": "242",
            "decideCnt": "10728",
            "examCnt": "8999",
            "resutlNegCnt": "578558",
            "seq": "120",
            "stateDt": "20200426",
            "stateTime": "00:00",
            "updateDt": "2020-04-26 10:12:24.24"
          },
          {
            "accDefRate": "1.8293161655",
            "accExamCnt": "595161",
            "accExamCompCnt": "585902",
            "careCnt": "1967",
            "clearCnt": "8635",
            "createDt": "2020-04-25 10:58:08.08",
            "deathCnt": "240",
            "decideCnt": "10718",
            "examCnt": "9259",
            "resutlNegCnt": "575184",
            "seq": "119",
            "stateDt": "20200425",
            "stateTime": "00:00",
            "updateDt": "2020-04-25 10:58:08.08"
          },
          {
            "accDefRate": "1.8464615809",
            "accExamCnt": "589520",
            "accExamCompCnt": "579920",
            "careCnt": "2051",
            "clearCnt": "8501",
            "createDt": "2020-04-24 10:11:08.08",
            "deathCnt": "240",
            "decideCnt": "10708",
            "examCnt": "9600",
            "resutlNegCnt": "569212",
            "seq": "116",
            "stateDt": "20200424",
            "stateTime": "00:00",
            "updateDt": "2020-04-24 10:11:08.08"
          },
          {
            "accDefRate": "1.8650057856",
            "accExamCnt": "583971",
            "accExamCompCnt": "573832",
            "careCnt": "2179",
            "clearCnt": "8411",
            "createDt": "2020-04-23 10:11:05.05",
            "deathCnt": "240",
            "decideCnt": "10702",
            "examCnt": "10139",
            "resutlNegCnt": "563130",
            "seq": "115",
            "stateDt": "20200423",
            "stateTime": "00:00",
            "updateDt": "2020-04-23 10:11:05.05"
          },
          {
            "accDefRate": "1.8899402302",
            "accExamCnt": "577959",
            "accExamCompCnt": "565838",
            "careCnt": "2233",
            "clearCnt": "8277",
            "createDt": "2020-04-22 10:20:28.28",
            "deathCnt": "238",
            "decideCnt": "10694",
            "examCnt": "12121",
            "resutlNegCnt": "555144",
            "seq": "114",
            "stateDt": "20200422",
            "stateTime": "00:00",
            "updateDt": "2020-04-22 10:20:28.28"
          },
          {
            "accDefRate": "1.9135113641",
            "accExamCnt": "571014",
            "accExamCompCnt": "558293",
            "careCnt": "2324",
            "clearCnt": "8213",
            "createDt": "2020-04-21 10:11:58.58",
            "deathCnt": "237",
            "decideCnt": "10683",
            "examCnt": "12721",
            "resutlNegCnt": "547610",
            "seq": "113",
            "stateDt": "20200421",
            "stateTime": "00:00",
            "updateDt": "2020-04-21 10:11:58.58"
          },
          {
            "accDefRate": "1.9370152471",
            "accExamCnt": "563035",
            "accExamCompCnt": "551054",
            "careCnt": "2385",
            "clearCnt": "8114",
            "createDt": "2020-04-20 10:26:59.59",
            "deathCnt": "236",
            "decideCnt": "10674",
            "examCnt": "11981",
            "resutlNegCnt": "540380",
            "seq": "112",
            "stateDt": "20200420",
            "stateTime": "00:00",
            "updateDt": "2020-04-20 10:26:59.59"
          },
          {
            "accDefRate": "1.9494720827",
            "accExamCnt": "559109",
            "accExamCompCnt": "546866",
            "careCnt": "2484",
            "clearCnt": "8042",
            "createDt": "2020-04-19 10:27:30.30",
            "deathCnt": "234",
            "decideCnt": "10661",
            "examCnt": "12243",
            "resutlNegCnt": "536205",
            "seq": "111",
            "stateDt": "20200419",
            "stateTime": "00:00",
            "updateDt": "2020-04-19 10:27:30.30"
          },
          {
            "accDefRate": "1.9680980779",
            "accExamCnt": "554834",
            "accExamCompCnt": "541284",
            "careCnt": "2576",
            "clearCnt": "7937",
            "createDt": "2020-04-18 10:44:12.12",
            "deathCnt": "232",
            "decideCnt": "10653",
            "examCnt": "13550",
            "resutlNegCnt": "530631",
            "seq": "110",
            "stateDt": "20200418",
            "stateTime": "00:00",
            "updateDt": "2020-04-18 10:44:12.12"
          },
          {
            "accDefRate": "1.9980198280",
            "accExamCnt": "546463",
            "accExamCompCnt": "532277",
            "careCnt": "2627",
            "clearCnt": "7829",
            "createDt": "2020-04-17 10:32:02.02",
            "deathCnt": "230",
            "decideCnt": "10635",
            "examCnt": "14186",
            "resutlNegCnt": "521642",
            "seq": "109",
            "stateDt": "20200417",
            "stateTime": "00:00",
            "updateDt": "2020-04-17 10:32:02.02"
          },
          {
            "accDefRate": "2.0234239009",
            "accExamCnt": "538775",
            "accExamCompCnt": "524507",
            "careCnt": "2750",
            "clearCnt": "7757",
            "createDt": "2020-04-16 10:55:17.17",
            "deathCnt": "229",
            "decideCnt": "10613",
            "examCnt": "14268",
            "resutlNegCnt": "513894",
            "seq": "108",
            "stateDt": "20200416",
            "stateTime": "00:00",
            "updateDt": "2020-04-16 10:55:17.17"
          },
          {
            "accDefRate": "2.0385890215",
            "accExamCnt": "534552",
            "accExamCompCnt": "519526",
            "careCnt": "2808",
            "clearCnt": "7616",
            "createDt": "2020-04-15 11:34:34.34",
            "deathCnt": "225",
            "decideCnt": "10591",
            "examCnt": "15026",
            "resutlNegCnt": "508935",
            "seq": "107",
            "stateDt": "20200415",
            "stateTime": "00:00",
            "updateDt": "2020-04-15 11:34:34.34"
          },
          {
            "accDefRate": "2.0601146284",
            "accExamCnt": "527438",
            "accExamCompCnt": "512787",
            "careCnt": "2873",
            "clearCnt": "7534",
            "createDt": "2020-04-14 10:23:15.15",
            "deathCnt": "222",
            "decideCnt": "10564",
            "examCnt": "14651",
            "resutlNegCnt": "502223",
            "seq": "106",
            "stateDt": "20200414",
            "stateTime": "00:00",
            "updateDt": "2020-04-14 10:23:15.15"
          },
          {
            "accDefRate": "2.0850812898",
            "accExamCnt": "518743",
            "accExamCompCnt": "505352",
            "careCnt": "2930",
            "clearCnt": "7447",
            "createDt": "2020-04-13 10:14:53.53",
            "deathCnt": "217",
            "decideCnt": "10537",
            "examCnt": "13391",
            "resutlNegCnt": "494815",
            "seq": "105",
            "stateDt": "20200413",
            "stateTime": "00:00",
            "updateDt": "2020-04-13 10:14:53.53"
          },
          {
            "accDefRate": "2.0989032272",
            "accExamCnt": "514621",
            "accExamCompCnt": "500833",
            "careCnt": "3026",
            "clearCnt": "7368",
            "createDt": "2020-04-12 10:20:49.49",
            "deathCnt": "214",
            "decideCnt": "10512",
            "examCnt": "13788",
            "resutlNegCnt": "490321",
            "seq": "104",
            "stateDt": "20200412",
            "stateTime": "00:00",
            "updateDt": "2020-04-12 10:20:49.49"
          },
          {
            "accDefRate": "2.1111623681",
            "accExamCnt": "510479",
            "accExamCompCnt": "496409",
            "careCnt": "3125",
            "clearCnt": "7243",
            "createDt": "2020-04-11 10:24:11.11",
            "deathCnt": "211",
            "decideCnt": "10480",
            "examCnt": "14070",
            "resutlNegCnt": "485929",
            "seq": "103",
            "stateDt": "20200411",
            "stateTime": "00:00",
            "updateDt": "2020-04-11 10:24:11.11"
          },
          {
            "accDefRate": "2.1424778525",
            "accExamCnt": "503051",
            "accExamCompCnt": "487753",
            "careCnt": "3246",
            "clearCnt": "7117",
            "createDt": "2020-04-10 10:15:54.54",
            "deathCnt": "208",
            "decideCnt": "10450",
            "examCnt": "15298",
            "resutlNegCnt": "477303",
            "seq": "102",
            "stateDt": "20200410",
            "stateTime": "00:00",
            "updateDt": "2020-04-10 10:15:54.54"
          },
          {
            "accDefRate": "2.1750743945",
            "accExamCnt": "494711",
            "accExamCompCnt": "479202",
            "careCnt": "3408",
            "clearCnt": "6973",
            "createDt": "2020-04-09 10:22:27.27",
            "deathCnt": "204",
            "decideCnt": "10423",
            "examCnt": "15509",
            "resutlNegCnt": "468779",
            "seq": "101",
            "stateDt": "20200409",
            "stateTime": "00:00",
            "updateDt": "2020-04-09 10:22:27.27"
          },
          {
            "accDefRate": "2.2181161819",
            "accExamCnt": "486003",
            "accExamCompCnt": "468145",
            "careCnt": "3445",
            "clearCnt": "6776",
            "createDt": "2020-04-08 10:15:42.42",
            "deathCnt": "200",
            "decideCnt": "10384",
            "examCnt": "17858",
            "resutlNegCnt": "457761",
            "seq": "100",
            "stateDt": "20200408",
            "stateTime": "00:00",
            "updateDt": "2020-04-08 10:15:42.42"
          },
          {
            "accDefRate": "2.2623255243",
            "accExamCnt": "477304",
            "accExamCompCnt": "456654",
            "careCnt": "3500",
            "clearCnt": "6694",
            "createDt": "2020-04-07 10:12:25.25",
            "deathCnt": "192",
            "decideCnt": "10331",
            "examCnt": "20650",
            "resutlNegCnt": "446323",
            "seq": "99",
            "stateDt": "20200407",
            "stateTime": "00:00",
            "updateDt": "2020-04-07 10:12:25.25"
          },
          {
            "accDefRate": "2.2980543408",
            "accExamCnt": "466804",
            "accExamCompCnt": "447509",
            "careCnt": "3591",
            "clearCnt": "6598",
            "createDt": "2020-04-06 10:27:44.44",
            "deathCnt": "186",
            "decideCnt": "10284",
            "examCnt": "19295",
            "resutlNegCnt": "437225",
            "seq": "98",
            "stateDt": "20200406",
            "stateTime": "00:00",
            "updateDt": "2020-04-06 10:27:44.44"
          },
          {
            "accDefRate": "2.3178358110",
            "accExamCnt": "461233",
            "accExamCompCnt": "441662",
            "careCnt": "3654",
            "clearCnt": "6463",
            "createDt": "2020-04-05 10:11:59.59",
            "deathCnt": "183",
            "decideCnt": "10237",
            "examCnt": "19571",
            "resutlNegCnt": "431425",
            "seq": "97",
            "stateDt": "20200405",
            "stateTime": "00:00",
            "updateDt": "2020-04-05 10:11:59.59"
          },
          {
            "accDefRate": "2.3353139199",
            "accExamCnt": "455032",
            "accExamCompCnt": "434888",
            "careCnt": "3867",
            "clearCnt": "6325",
            "createDt": "2020-04-04 10:32:51.51",
            "deathCnt": "177",
            "decideCnt": "10156",
            "examCnt": "20144",
            "resutlNegCnt": "424732",
            "seq": "96",
            "stateDt": "20200404",
            "stateTime": "00:00",
            "updateDt": "2020-04-04 10:32:51.51"
          },
          {
            "accDefRate": "2.3710720723",
            "accExamCnt": "443273",
            "accExamCompCnt": "424365",
            "careCnt": "3979",
            "clearCnt": "6021",
            "createDt": "2020-04-03 10:19:21.21",
            "deathCnt": "174",
            "decideCnt": "10062",
            "examCnt": "18908",
            "resutlNegCnt": "414303",
            "seq": "95",
            "stateDt": "20200403",
            "stateTime": "00:00",
            "updateDt": "2020-04-03 10:19:21.21"
          },
          {
            "accDefRate": "2.4104886217",
            "accExamCnt": "431743",
            "accExamCompCnt": "413858",
            "careCnt": "4155",
            "clearCnt": "5828",
            "createDt": "2020-04-02 10:13:00.00",
            "deathCnt": "169",
            "decideCnt": "9976",
            "examCnt": "17885",
            "resutlNegCnt": "403882",
            "seq": "94",
            "stateDt": "20200402",
            "stateTime": "00:00",
            "updateDt": "2020-04-02 10:13:00.00"
          },
          {
            "accDefRate": "2.4414636435",
            "accExamCnt": "421547",
            "accExamCompCnt": "404962",
            "careCnt": "4216",
            "clearCnt": "5567",
            "createDt": "2020-04-01 10:13:22.22",
            "deathCnt": "165",
            "decideCnt": "9887",
            "examCnt": "16585",
            "resutlNegCnt": "395075",
            "seq": "92",
            "stateDt": "20200401",
            "stateTime": "00:00",
            "updateDt": "2020-04-01 10:13:22.22"
          },
          {
            "accDefRate": "2.4858257635",
            "accExamCnt": "410564",
            "accExamCompCnt": "393672",
            "careCnt": "4275",
            "clearCnt": "5408",
            "createDt": "2020-03-31 11:00:44.44",
            "deathCnt": "162",
            "decideCnt": "9786",
            "examCnt": "16892",
            "resutlNegCnt": "383886",
            "seq": "91",
            "stateDt": "20200331",
            "stateTime": "00:00",
            "updateDt": "2020-03-31 11:00:44.44"
          },
          {
            "accDefRate": "2.5312906936",
            "accExamCnt": "395194",
            "accExamCompCnt": "381663",
            "careCnt": "4398",
            "clearCnt": "5228",
            "createDt": "2020-03-30 10:32:34.34",
            "deathCnt": "158",
            "decideCnt": "9661",
            "examCnt": "13531",
            "resutlNegCnt": "372002",
            "seq": "90",
            "stateDt": "20200330",
            "stateTime": "00:00",
            "updateDt": "2020-03-30 10:32:34.34"
          },
          {
            "accDefRate": "2.5277423881",
            "accExamCnt": "394141",
            "accExamCompCnt": "379113",
            "careCnt": "4523",
            "clearCnt": "5033",
            "createDt": "2020-03-29 10:10:20.20",
            "deathCnt": "152",
            "decideCnt": "9583",
            "examCnt": "15028",
            "resutlNegCnt": "369530",
            "seq": "89",
            "stateDt": "20200329",
            "stateTime": "00:00",
            "updateDt": "2020-03-29 10:10:20.20"
          },
          {
            "accDefRate": "2.5522335409",
            "accExamCnt": "387925",
            "accExamCompCnt": "371361",
            "careCnt": "4665",
            "clearCnt": "4811",
            "createDt": "2020-03-28 10:30:06.06",
            "deathCnt": "144",
            "decideCnt": "9478",
            "examCnt": "16564",
            "resutlNegCnt": "361883",
            "seq": "88",
            "stateDt": "20200328",
            "stateTime": "00:00",
            "updateDt": "2020-03-28 10:30:06.06"
          },
          {
            "accDefRate": "2.5797391511",
            "accExamCnt": "376961",
            "accExamCompCnt": "361742",
            "careCnt": "4966",
            "clearCnt": "4528",
            "createDt": "2020-03-27 10:17:01.01",
            "deathCnt": "139",
            "decideCnt": "9332",
            "examCnt": "15219",
            "resutlNegCnt": "352410",
            "seq": "87",
            "stateDt": "20200327",
            "stateTime": "00:00",
            "updateDt": "2020-03-27 10:17:01.01"
          },
          {
            "accDefRate": "2.6359702544",
            "accExamCnt": "364942",
            "accExamCompCnt": "350573",
            "careCnt": "5281",
            "clearCnt": "4144",
            "createDt": "2020-03-26 10:40:50.50",
            "deathCnt": "131",
            "decideCnt": "9241",
            "examCnt": "14369",
            "resutlNegCnt": "341332",
            "seq": "86",
            "stateDt": "20200326",
            "stateTime": "00:00",
            "updateDt": "2020-03-26 10:40:50.50"
          },
          {
            "accDefRate": "2.6590574416",
            "accExamCnt": "357896",
            "accExamCompCnt": "343618",
            "careCnt": "5410",
            "clearCnt": "3730",
            "createDt": "2020-03-25 10:12:04.04",
            "deathCnt": "126",
            "decideCnt": "9137",
            "examCnt": "14278",
            "resutlNegCnt": "334481",
            "seq": "85",
            "stateDt": "20200325",
            "stateTime": "00:00",
            "updateDt": "2020-03-25 10:12:04.04"
          },
          {
            "accDefRate": "2.7126570651",
            "accExamCnt": "348582",
            "accExamCompCnt": "333142",
            "careCnt": "5684",
            "clearCnt": "3507",
            "createDt": "2020-03-24 10:20:57.57",
            "deathCnt": "120",
            "decideCnt": "9037",
            "examCnt": "15440",
            "resutlNegCnt": "324105",
            "seq": "84",
            "stateDt": "20200324",
            "stateTime": "00:00",
            "updateDt": "2020-03-24 10:20:57.57"
          },
          {
            "accDefRate": "2.7622623363",
            "accExamCnt": "338036",
            "accExamCompCnt": "324408",
            "careCnt": "5884",
            "clearCnt": "3166",
            "createDt": "2020-03-23 10:27:32.32",
            "deathCnt": "111",
            "decideCnt": "8961",
            "examCnt": "13628",
            "resutlNegCnt": "315447",
            "seq": "82",
            "stateDt": "20200323",
            "stateTime": "00:00",
            "updateDt": "2020-03-23 10:27:32.32"
          },
          {
            "accDefRate": "2.8045013239",
            "accExamCnt": "331780",
            "accExamCompCnt": "317240",
            "careCnt": "6085",
            "clearCnt": "2909",
            "createDt": "2020-03-22 10:07:28.28",
            "deathCnt": "104",
            "decideCnt": "8897",
            "examCnt": "14540",
            "resutlNegCnt": "308343",
            "seq": "81",
            "stateDt": "20200322",
            "stateTime": "00:00",
            "updateDt": "2020-03-22 10:07:28.28"
          },
          {
            "accDefRate": "2.8219560302",
            "accExamCnt": "327509",
            "accExamCompCnt": "311805",
            "careCnt": "6325",
            "clearCnt": "2612",
            "createDt": "2020-03-21 10:02:58.58",
            "deathCnt": "102",
            "decideCnt": "8799",
            "examCnt": "15704",
            "resutlNegCnt": "303006",
            "seq": "80",
            "stateDt": "20200321",
            "stateTime": "00:00",
            "updateDt": "2020-03-21 10:02:58.58"
          },
          {
            "accDefRate": "2.8730918280",
            "accExamCnt": "316664",
            "accExamCompCnt": "301139",
            "careCnt": "6527",
            "clearCnt": "2233",
            "createDt": "2020-03-20 10:15:59.59",
            "deathCnt": "94",
            "decideCnt": "8652",
            "examCnt": "15525",
            "resutlNegCnt": "292487",
            "seq": "79",
            "stateDt": "20200320",
            "stateTime": "00:00",
            "updateDt": "2020-03-20 10:15:59.59"
          },
          {
            "accDefRate": "2.9420857378",
            "accExamCnt": "307024",
            "accExamCompCnt": "291120",
            "careCnt": "6789",
            "clearCnt": "1947",
            "createDt": "2020-03-19 10:07:57.57",
            "deathCnt": "91",
            "decideCnt": "8565",
            "examCnt": "15904",
            "resutlNegCnt": "282555",
            "seq": "78",
            "stateDt": "20200319",
            "stateTime": "00:00",
            "updateDt": "2020-03-19 10:07:57.57"
          },
          {
            "accDefRate": "3.0121625056",
            "accExamCnt": "295647",
            "accExamCompCnt": "279301",
            "careCnt": "6838",
            "clearCnt": "1540",
            "createDt": "2020-03-18 10:26:15.15",
            "deathCnt": "84",
            "decideCnt": "8413",
            "examCnt": "16346",
            "resutlNegCnt": "270888",
            "seq": "77",
            "stateDt": "20200318",
            "stateTime": "00:00",
            "updateDt": "2020-03-18 10:26:15.15"
          },
          {
            "accDefRate": "3.0880579010",
            "accExamCnt": "286716",
            "accExamCompCnt": "269425",
            "careCnt": "7024",
            "clearCnt": "1401",
            "createDt": "2020-03-17 10:29:38.38",
            "deathCnt": "81",
            "decideCnt": "8320",
            "examCnt": "17291",
            "resutlNegCnt": "261105",
            "seq": "76",
            "stateDt": "20200317",
            "stateTime": "00:00",
            "updateDt": "2020-03-17 10:29:38.38"
          },
          {
            "accDefRate": "3.1733922083",
            "accExamCnt": "274504",
            "accExamCompCnt": "259533",
            "careCnt": "7253",
            "clearCnt": "1137",
            "createDt": "2020-03-16 10:12:33.33",
            "deathCnt": "75",
            "decideCnt": "8236",
            "examCnt": "14971",
            "resutlNegCnt": "251297",
            "seq": "75",
            "stateDt": "20200316",
            "stateTime": "00:00",
            "updateDt": "2020-03-16 10:12:33.33"
          },
          {
            "accDefRate": "3.2396602365",
            "accExamCnt": "268212",
            "accExamCompCnt": "251940",
            "careCnt": "7300",
            "clearCnt": "834",
            "createDt": "2020-03-15 10:01:22.22",
            "deathCnt": "75",
            "decideCnt": "8162",
            "examCnt": "16272",
            "resutlNegCnt": "243778",
            "seq": "74",
            "stateDt": "20200315",
            "stateTime": "00:00",
            "updateDt": "2020-03-15 10:01:22.22"
          },
          {
            "accDefRate": "3.3180003364",
            "accExamCnt": "261335",
            "accExamCompCnt": "243701",
            "careCnt": "7402",
            "clearCnt": "714",
            "createDt": "2020-03-14 10:29:11.11",
            "deathCnt": "72",
            "decideCnt": "8086",
            "examCnt": "17634",
            "resutlNegCnt": "235615",
            "seq": "73",
            "stateDt": "20200314",
            "stateTime": "00:00",
            "updateDt": "2020-03-14 10:29:11.11"
          },
          {
            "accDefRate": "3.4584993086",
            "accExamCnt": "248647",
            "accExamCompCnt": "230707",
            "careCnt": "7470",
            "clearCnt": "510",
            "createDt": "2020-03-13 10:07:22.22",
            "deathCnt": "67",
            "decideCnt": "7979",
            "examCnt": "17940",
            "resutlNegCnt": "222728",
            "seq": "72",
            "stateDt": "20200313",
            "stateTime": "00:00",
            "updateDt": "2020-03-13 10:07:22.22"
          },
          {
            "accDefRate": "3.6217442732",
            "accExamCnt": "234998",
            "accExamCompCnt": "217271",
            "careCnt": "7407",
            "clearCnt": "333",
            "createDt": "2020-03-12 10:37:03.03",
            "deathCnt": "66",
            "decideCnt": "7869",
            "examCnt": "17727",
            "resutlNegCnt": "209402",
            "seq": "71",
            "stateDt": "20200312",
            "stateTime": "00:00",
            "updateDt": "2020-03-12 10:37:03.03"
          },
          {
            "accDefRate": "3.8041745358",
            "accExamCnt": "222395",
            "accExamCompCnt": "203855",
            "careCnt": "7212",
            "clearCnt": "288",
            "createDt": "2020-03-11 10:17:19.19",
            "deathCnt": "60",
            "decideCnt": "7755",
            "examCnt": "18540",
            "resutlNegCnt": "196100",
            "seq": "70",
            "stateDt": "20200311",
            "stateTime": "00:00",
            "updateDt": "2020-03-11 10:17:19.19"
          },
          {
            "accDefRate": "3.9193080566",
            "accExamCnt": "210144",
            "accExamCompCnt": "191692",
            "careCnt": "7165",
            "clearCnt": "247",
            "createDt": "2020-03-10 10:20:27.27",
            "deathCnt": "54",
            "decideCnt": "7513",
            "examCnt": "18452",
            "resutlNegCnt": "184179",
            "seq": "69",
            "stateDt": "20200310",
            "stateTime": "00:00",
            "updateDt": "2020-03-10 10:20:27.27"
          }
        ]
      },
      "numOfRows": "10",
      "pageNo": "1",
      "totalCount": "128"
    }
  }
}